3,236,300,188800,0.001221657,78.66666667
0,0,0.00E+00,0.00E+00,0,0
0,0,0.00E+00,0.00E+00,0,0
1,139,100,111200,0.003665209,139
1,119,100,95200,0.000394821,119
0,0,0.00E+00,0.00E+00,0,0
0,0,0.00E+00,0.00E+00,0,0
0,0,0.00E+00,0.00E+00,0,0
1,396,100,316800,0.0071311,396
0,0,0.00E+00,0.00E+00,0,0
0,0,0.00E+00,0.00E+00,0,0
0,0,0.00E+00,0.00E+00,0,0
0,0,0.00E+00,0.00E+00,0,0
0,0,0.00E+00,0.00E+00,0,0
1,40,100,32000,0.000352859,40
0,0,0.00E+00,0.00E+00,0,0
1,40,100,32000,0.000419855,40
0,0,0.00E+00,0.00E+00,0,0
0,0,0.00E+00,0.00E+00,0,0
1,79,100,63200,0.001223087,79
1,40,100,32000,0.000191927,40
0,0,0.00E+00,0.00E+00,0,0
0,0,0.00E+00,0.00E+00,0,0
0,0,0.00E+00,0.00E+00,0,0
0,0,0.00E+00,0.00E+00,0,0
0,0,0.00E+00,0.00E+00,0,0
3,3024,300,2419200,0.000394344,1008
1,576,100,460800,0.009585142,576
3,3024,300,2419200,0.000802358,1008
1,1492,100,1193600,0.000753164,1492
0,0,0.00E+00,0.00E+00,0,0
1,40,100,32000,0.00026989,40
0,0,0.00E+00,0.00E+00,0,0
1,40,100,32000,0.000622988,40
0,0,0.00E+00,0.00E+00,0,0
1,40,100,32000,0.000259161,40
0,0,0.00E+00,0.00E+00,0,0
0,0,0.00E+00,0.00E+00,0,0
0,0,0.00E+00,0.00E+00,0,0
1,40,100,32000,0.000632048,40
0,0,0.00E+00,0.00E+00,0,0
0,0,0.00E+00,0.00E+00,0,0
0,0,0.00E+00,0.00E+00,0,0
2,616,200,492800,0.004804492,308
1,40,100,32000,0.000561953,40
1,40,100,32000,0.000421047,40
0,0,0.00E+00,0.00E+00,0,0
1,40,100,32000,0.00048089,40
0,0,0.00E+00,0.00E+00,0,0
1,40,100,32000,0.000189066,40
0,0,0.00E+00,0.00E+00,0,0
0,0,0.00E+00,0.00E+00,0,0
2,2984,200,2387200,0.000295997,1492
0,0,0.00E+00,0.00E+00,0,0
1,40,100,32000,0.000396013,40
2,1580,200,1264000,0.000270009,790
0,0,0.00E+00,0.00E+00,0,0
1,1492,100,1193600,0.00046587,1492
0,0,0.00E+00,0.00E+00,0,0
1,40,100,32000,0.000439882,40
0,0,0.00E+00,0.00E+00,0,0
2,616,200,492800,0.004571438,308
1,40,100,32000,0.000182152,40
0,0,0.00E+00,0.00E+00,0,0
1,40,100,32000,0.000360966,40
0,0,0.00E+00,0.00E+00,0,0
1,40,100,32000,0.00048089,40
0,0,0.00E+00,0.00E+00,0,0
1,40,100,32000,0.000505924,40
1,40,100,32000,0.000304937,40
0,0,0.00E+00,0.00E+00,0,0
1,40,100,32000,0.000488043,40
0,0,0.00E+00,0.00E+00,0,0
2,2984,200,2387200,0.000330567,1492
1,576,100,460800,0.009947062,576
0,0,0.00E+00,0.00E+00,0,0
1,1492,100,1193600,0.000467062,1492
1,40,100,32000,0.000282049,40
0,0,0.00E+00,0.00E+00,0,0
1,40,100,32000,0.000466108,40
0,0,0.00E+00,0.00E+00,0,0
1,40,100,32000,0.000604868,40
1,40,100,32000,0.000427961,40
0,0,0.00E+00,0.00E+00,0,0
2,2984,200,2387200,0.000483513,1492
0,0,0.00E+00,0.00E+00,0,0
0,0,0.00E+00,0.00E+00,0,0
1,40,100,32000,0.000234842,40
0,0,0.00E+00,0.00E+00,0,0
1,40,100,32000,0.000540018,40
0,0,0.00E+00,0.00E+00,0,0
1,40,100,32000,0.000314236,40
1,40,100,32000,0.000334978,40
0,0,0.00E+00,0.00E+00,0,0
2,2984,200,2387200,0.000330091,1492
0,0,0.00E+00,0.00E+00,0,0
0,0,0.00E+00,0.00E+00,0,0
1,40,100,32000,0.000203848,40
0,0,0.00E+00,0.00E+00,0,0
1,40,100,32000,0.000246048,40
0,0,0.00E+00,0.00E+00,0,0
1,40,100,32000,0.00032115,40
0,0,0.00E+00,0.00E+00,0,0
1,40,100,32000,0.000504017,40
0,0,0.00E+00,0.00E+00,0,0
0,0,0.00E+00,0.00E+00,0,0
0,0,0.00E+00,0.00E+00,0,0
0,0,0.00E+00,0.00E+00,0,0
0,0,0.00E+00,0.00E+00,0,0
0,0,0.00E+00,0.00E+00,0,0
0,0,0.00E+00,0.00E+00,0,0
0,0,0.00E+00,0.00E+00,0,0
2,210,200,168000,0.002357483,105
0,0,0.00E+00,0.00E+00,0,0
2,2984,200,2387200,0.000291467,1492
1,1492,100,1193600,0.000405073,1492
1,1492,100,1193600,0.000377893,1492
3,4476,300,3580800,0.000216007,1492
2,2984,200,2387200,0.000343084,1492
1,1492,100,1193600,0.000499964,1492
3,3826,300,3060800,0.000194629,1275.333333
1,1492,100,1193600,0.000520229,1492
2,2984,200,2387200,0.000365973,1492
2,2984,200,2387200,0.000252962,1492
0,0,0.00E+00,0.00E+00,0,0
0,0,0.00E+00,0.00E+00,0,0
1,1492,100,1193600,0.000677109,1492
3,3036,300,2428800,0.000783285,1012
1,1492,100,1193600,0.000575781,1492
0,0,0.00E+00,0.00E+00,0,0
1,1492,100,1193600,0.000315905,1492
1,1492,100,1193600,0.0006001,1492
2,1620,200,1296000,0.000146985,810
0,0,0.00E+00,0.00E+00,0,0
1,451,100,360800,0.000687838,451
0,0,0.00E+00,0.00E+00,0,0
2,2984,200,2387200,1.54972E-06,1492
1,1492,100,1193600,0.000355959,1492
1,1492,100,1193600,0.000492096,1492
1,1492,100,1193600,0.000697136,1492
1,1492,100,1193600,0.000643015,1492
2,2984,200,2387200,0.00031805,1492
0,0,0.00E+00,0.00E+00,0,0
4,3128,400,2502400,0.000144243,782
4,4516,400,3612800,0.000602007,1129
3,3036,300,2428800,0.000837008,1012
4,3081,400,2464800,0.001250744,770.25
0,0,0.00E+00,0.00E+00,0,0
2,2984,200,2387200,0.000408053,1492
0,0,0.00E+00,0.00E+00,0,0
0,0,0.00E+00,0.00E+00,0,0
1,1492,100,1193600,0.000699043,1492
1,1492,100,1193600,0.000699997,1492
2,2984,200,2387200,0.000266433,1492
0,0,0.00E+00,0.00E+00,0,0
3,3457,300,2765600,0.000217994,1152.333333
2,2984,200,2387200,0.000286937,1492
1,1492,100,1193600,0.000488043,1492
3,4476,300,3580800,0.00023071,1492
1,1492,100,1193600,0.000397921,1492
0,0,0.00E+00,0.00E+00,0,0
0,0,0.00E+00,0.00E+00,0,0
2,2984,200,2387200,0.00040853,1492
2,1620,200,1296000,0.000225902,810
0,0,0.00E+00,0.00E+00,0,0
0,0,0.00E+00,0.00E+00,0,0
0,0,0.00E+00,0.00E+00,0,0
5,6040,500,4832000,0.000196981,1208
0,0,0.00E+00,0.00E+00,0,0
4,4516,400,3612800,0.000541508,1129
3,3064,300,2451200,0.000195662,1021.333333
2,1548,200,1238400,0.000193,774
1,40,100,32000,0.00138998,40
4,1632,400,1305600,0.000455022,408
1,1051,100,840800,0.000411034,1051
0,0,0.00E+00,0.00E+00,0,0
0,0,0.00E+00,0.00E+00,0,0
5,6048,500,4838400,7.9155E-05,1209.6
3,3040,300,2432000,0.000249386,1013.333333
2,80,200,64000,0.002703071,40
0,0,0.00E+00,0.00E+00,0,0
5,6377,500,5101600,0.000471783,1275.4
0,0,0.00E+00,0.00E+00,0,0
3,4476,300,3580800,0.000228008,1492
3,3024,300,2419200,0.000990311,1008
2,1580,200,1264000,0.000221491,790
0,0,0.00E+00,0.00E+00,0,0
1,40,100,32000,0.002071142,40
0,0,0.00E+00,0.00E+00,0,0
0,0,0.00E+00,0.00E+00,0,0
0,0,0.00E+00,0.00E+00,0,0
2,2984,200,2387200,0.000433564,1492
3,4476,300,3580800,0.000279347,1492
6,7500,600,6000000,0.000485539,1250
2,1620,200,1296000,0.000337601,810
1,52,100,41600,0.000391006,52
1,52,100,41600,0.000499964,52
0,0,0.00E+00,0.00E+00,0,0
0,0,0.00E+00,0.00E+00,0,0
1,40,100,32000,0.000546932,40
2,1620,200,1296000,0.00031805,810
0,0,0.00E+00,0.00E+00,0,0
5,3120,500,2496000,0.001981211,624
0,0,0.00E+00,0.00E+00,0,0
5,4556,500,3644800,0.000304031,911.2
0,0,0.00E+00,0.00E+00,0,0
0,0,0.00E+00,0.00E+00,0,0
7,6088,700,4870400,0.000499419,869.7142857
0,0,0.00E+00,0.00E+00,0,0
1,40,100,32000,0.000323057,40
0,0,0.00E+00,0.00E+00,0,0
0,0,0.00E+00,0.00E+00,0,0
6,6803,600,5442400,0.000422716,1133.833333
1,52,100,41600,0.000317812,52
1,1492,100,1193600,0.00041008,1492
3,3072,300,2457600,0.000139952,1024
1,52,100,41600,0.000367165,52
1,40,100,32000,0.001575947,40
0,0,0.00E+00,0.00E+00,0,0
1,40,100,32000,0.000183821,40
0,0,0.00E+00,0.00E+00,0,0
1,40,100,32000,0.000533819,40
0,0,0.00E+00,0.00E+00,0,0
0,0,0.00E+00,0.00E+00,0,0
1,40,100,32000,0.000468016,40
1,377,100,301600,0.000541925,377
0,0,0.00E+00,0.00E+00,0,0
1,40,100,32000,0.000573158,40
0,0,0.00E+00,0.00E+00,0,0
0,0,0.00E+00,0.00E+00,0,0
0,0,0.00E+00,0.00E+00,0,0
0,0,0.00E+00,0.00E+00,0,0
1,40,100,32000,0.000239849,40
0,0,0.00E+00,0.00E+00,0,0
1,40,100,32000,0.0004251,40
0,0,0.00E+00,0.00E+00,0,0
1,40,100,32000,0.000400066,40
1,57,100,45600,0.000507116,57
1,1492,100,1193600,1.90735E-06,1492
2,2984,200,2387200,0.000375032,1492
1,1492,100,1193600,0.000655174,1492
5,4620,500,3696000,0.000376606,924
5,4580,500,3664000,0.001021814,916
0,0,0.00E+00,0.00E+00,0,0
2,2984,200,2387200,0.000281572,1492
3,3064,300,2451200,0.000218391,1021.333333
0,0,0.00E+00,0.00E+00,0,0
1,1492,100,1193600,0.000380993,1492
3,3048,300,2438400,0.00014774,1016
0,0,0.00E+00,0.00E+00,0,0
2,2984,200,2387200,0.000280857,1492
1,1492,100,1193600,0.000538826,1492
1,1492,100,1193600,0.000497818,1492
1,64,100,51200,0.000225782,64
0,0,0.00E+00,0.00E+00,0,0
0,0,0.00E+00,0.00E+00,0,0
0,0,0.00E+00,0.00E+00,0,0
0,0,0.00E+00,0.00E+00,0,0
1,714,100,571200,0.000407934,714
0,0,0.00E+00,0.00E+00,0,0
0,0,0.00E+00,0.00E+00,0,0
1,40,100,32000,0.000296116,40
3,4476,300,3580800,0.00041302,1492
0,0,0.00E+00,0.00E+00,0,0
1,40,100,32000,0.000298977,40
0,0,0.00E+00,0.00E+00,0,0
6,6104,600,4883200,0.000491858,1017.333333
0,0,0.00E+00,0.00E+00,0,0
1,40,100,32000,0.000345707,40
0,0,0.00E+00,0.00E+00,0,0
1,40,100,32000,0.000323057,40
4,3080,400,2464000,0.000883698,770
2,1885,200,1508000,1.07288E-06,942.5
0,0,0.00E+00,0.00E+00,0,0
1,40,100,32000,0.000275135,40
0,0,0.00E+00,0.00E+00,0,0
4,3080,400,2464000,0.000160754,770
0,0,0.00E+00,0.00E+00,0,0
3,3040,300,2432000,0.000171582,1013.333333
1,1492,100,1193600,0.000760078,1492
0,0,0.00E+00,0.00E+00,0,0
1,1492,100,1193600,0.000747919,1492
0,0,0.00E+00,0.00E+00,0,0
1,40,100,32000,0.000516891,40
1,1492,100,1193600,0.000658035,1492
3,3064,300,2451200,0.000195583,1021.333333
1,1492,100,1193600,0.000675917,1492
2,1885,200,1508000,0.000302553,942.5
0,0,0.00E+00,0.00E+00,0,0
1,40,100,32000,0.000268936,40
0,0,0.00E+00,0.00E+00,0,0
2,80,200,64000,0.003094554,40
5,4580,500,3664000,0.001875782,916
1,1492,100,1193600,0.000384808,1492
1,1492,100,1193600,0.000645876,1492
1,1492,100,1193600,0.000498772,1492
0,0,0.00E+00,0.00E+00,0,0
1,40,100,32000,0.000499964,40
0,0,0.00E+00,0.00E+00,0,0
1,40,100,32000,0.000531197,40
0,0,0.00E+00,0.00E+00,0,0
0,0,0.00E+00,0.00E+00,0,0
3,1612,300,1289600,0.000166972,537.3333333
3,3040,300,2432000,0.000238975,1013.333333
0,0,0.00E+00,0.00E+00,0,0
0,0,0.00E+00,0.00E+00,0,0
7,9040,700,7232000,0.000181437,1291.428571
0,0,0.00E+00,0.00E+00,0,0
1,40,100,32000,0.004909039,40
2,80,200,64000,0.002470493,40
1,40,100,32000,0.000364065,40
0,0,0.00E+00,0.00E+00,0,0
0,0,0.00E+00,0.00E+00,0,0
0,0,0.00E+00,0.00E+00,0,0
1,40,100,32000,0.000370979,40
2,616,200,492800,0.004507065,308
6,7540,600,6032000,0.000157793,1256.666667
2,2984,200,2387200,0.000169992,1492
2,616,200,492800,0.004251003,308
0,0,0.00E+00,0.00E+00,0,0
1,40,100,32000,0.000287294,40
0,0,0.00E+00,0.00E+00,0,0
1,40,100,32000,0.000539064,40
0,0,0.00E+00,0.00E+00,0,0
6,4656,600,3724800,0.000474493,776
0,0,0.00E+00,0.00E+00,0,0
1,1492,100,1193600,0.000413895,1492
0,0,0.00E+00,0.00E+00,0,0
0,0,0.00E+00,0.00E+00,0,0
1,40,100,32000,0.000194788,40
0,0,0.00E+00,0.00E+00,0,0
1,40,100,32000,0.0004282,40
0,0,0.00E+00,0.00E+00,0,0
0,0,0.00E+00,0.00E+00,0,0
1,40,100,32000,0.000427961,40
3,156,300,124800,0.002168338,52
5,6024,500,4819200,0.000233412,1204.8
0,0,0.00E+00,0.00E+00,0,0
1,40,100,32000,0.000356913,40
0,0,0.00E+00,0.00E+00,0,0
0,0,0.00E+00,0.00E+00,0,0
0,0,0.00E+00,0.00E+00,0,0
1,40,100,32000,0.000272989,40
0,0,0.00E+00,0.00E+00,0,0
1,40,100,32000,0.000491858,40
7,5721,700,4576800,0.000243017,817.2857143
0,0,0.00E+00,0.00E+00,0,0
1,40,100,32000,0.000501156,40
0,0,0.00E+00,0.00E+00,0,0
0,0,0.00E+00,0.00E+00,0,0
0,0,0.00E+00,0.00E+00,0,0
1,40,100,32000,0.000424147,40
0,0,0.00E+00,0.00E+00,0,0
1,40,100,32000,0.000253916,40
0,0,0.00E+00,0.00E+00,0,0
8,7580,800,6064000,0.001102269,947.5
0,0,0.00E+00,0.00E+00,0,0
1,40,100,32000,0.000519037,40
0,0,0.00E+00,0.00E+00,0,0
1,40,100,32000,0.000530005,40
0,0,0.00E+00,0.00E+00,0,0
0,0,0.00E+00,0.00E+00,0,0
0,0,0.00E+00,0.00E+00,0,0
1,40,100,32000,0.000411987,40
2,1580,200,1264000,0.000309587,790
2,244,200,195200,0.002508998,122
1,40,100,32000,0.004135847,40
0,0,0.00E+00,0.00E+00,0,0
1,40,100,32000,0.000322819,40
0,0,0.00E+00,0.00E+00,0,0
1,40,100,32000,0.000568151,40
2,616,200,492800,0.004583001,308
1,576,100,460800,0.009974957,576
1,132,100,105600,0.003283978,132
8,9417,800,7533600,0.000171334,1177.125
0,0,0.00E+00,0.00E+00,0,0
2,468,200,374400,0.004443526,234
2,616,200,492800,0.004944086,308
1,40,100,32000,0.00051403,40
2,252,200,201600,0.002665877,126
0,0,0.00E+00,0.00E+00,0,0
0,0,0.00E+00,0.00E+00,0,0
2,2984,200,2387200,0.000417471,1492
0,0,0.00E+00,0.00E+00,0,0
2,2984,200,2387200,0.000393987,1492
0,0,0.00E+00,0.00E+00,0,0
0,0,0.00E+00,0.00E+00,0,0
3,3409,300,2727200,0.000168641,1136.333333
0,0,0.00E+00,0.00E+00,0,0
0,0,0.00E+00,0.00E+00,0,0
1,1492,100,1193600,0.000313997,1492
2,2984,200,2387200,0.000239015,1492
1,1492,100,1193600,0.000422001,1492
2,2984,200,2387200,0.000253081,1492
3,3467,300,2773600,0.000182947,1155.666667
3,3040,300,2432000,0.00015974,1013.333333
3,3041,300,2432800,0.000777642,1013.666667
2,2984,200,2387200,0.00021553,1492
2,1572,200,1257600,0.000358939,786
1,1492,100,1193600,0.000349045,1492
1,1492,100,1193600,0.00058198,1492
4,4902,400,3921600,0.000261426,1225.5
2,1548,200,1238400,0.000179887,774
0,0,0.00E+00,0.00E+00,0,0
0,0,0.00E+00,0.00E+00,0,0
4,5968,400,4774400,0.000235736,1492
1,1492,100,1193600,0.000637054,1492
0,0,0.00E+00,0.00E+00,0,0
0,0,0.00E+00,0.00E+00,0,0
2,1580,200,1264000,0.000333548,790
0,0,0.00E+00,0.00E+00,0,0
0,0,0.00E+00,0.00E+00,0,0
0,0,0.00E+00,0.00E+00,0,0
0,0,0.00E+00,0.00E+00,0,0
8,9417,800,7533600,0.000162631,1177.125
8,7620,800,6096000,0.000611246,952.5
0,0,0.00E+00,0.00E+00,0,0
3,4476,300,3580800,0.000226657,1492
3,498,300,398400,0.003292322,166
4,3080,400,2464000,0.000671268,770
2,2984,200,2387200,2.14577E-06,1492
3,3064,300,2451200,0.000204086,1021.333333
0,0,0.00E+00,0.00E+00,0,0
0,0,0.00E+00,0.00E+00,0,0
0,0,0.00E+00,0.00E+00,0,0
1,40,100,32000,0.00122714,40
0,0,0.00E+00,0.00E+00,0,0
3,3040,300,2432000,0.000231902,1013.333333
1,40,100,32000,0.002475023,40
8,9417,800,7533600,0.000152022,1177.125
0,0,0.00E+00,0.00E+00,0,0
0,0,0.00E+00,0.00E+00,0,0
8,7637,800,6109600,0.0011594,954.625
1,40,100,32000,0.006678104,40
0,0,0.00E+00,0.00E+00,0,0
3,3411,300,2728800,0.000195026,1137
0,0,0.00E+00,0.00E+00,0,0
0,0,0.00E+00,0.00E+00,0,0
1,40,100,32000,0.00553894,40
0,0,0.00E+00,0.00E+00,0,0
10,12080,1000,9664000,0.00012722,1208
0,0,0.00E+00,0.00E+00,0,0
1,40,100,32000,0.0002141,40
0,0,0.00E+00,0.00E+00,0,0
2,80,200,64000,0.000838518,40
0,0,0.00E+00,0.00E+00,0,0
1,40,100,32000,0.00048399,40
0,0,0.00E+00,0.00E+00,0,0
4,3080,400,2464000,0.000574052,770
1,40,100,32000,0.009552956,40
8,10540,800,8432000,0.000156373,1317.5
0,0,0.00E+00,0.00E+00,0,0
1,40,100,32000,0.000429153,40
0,0,0.00E+00,0.00E+00,0,0
0,0,0.00E+00,0.00E+00,0,0
0,0,0.00E+00,0.00E+00,0,0
1,40,100,32000,0.000458956,40
0,0,0.00E+00,0.00E+00,0,0
0,0,0.00E+00,0.00E+00,0,0
7,3200,700,2560000,0.001201562,457.1428571
4,4540,400,3632000,0.000170469,1135
1,714,100,571200,0.000246048,714
0,0,0.00E+00,0.00E+00,0,0
0,0,0.00E+00,0.00E+00,0,0
0,0,0.00E+00,0.00E+00,0,0
1,40,100,32000,0.00025177,40
0,0,0.00E+00,0.00E+00,0,0
0,0,0.00E+00,0.00E+00,0,0
0,0,0.00E+00,0.00E+00,0,0
0,0,0.00E+00,0.00E+00,0,0
0,0,0.00E+00,0.00E+00,0,0
1,40,100,32000,0.000709057,40
1,40,100,32000,0.000257015,40
0,0,0.00E+00,0.00E+00,0,0
0,0,0.00E+00,0.00E+00,0,0
0,0,0.00E+00,0.00E+00,0,0
1,52,100,41600,0.000577927,52
1,52,100,41600,0.000451088,52
1,52,100,41600,0.000277042,52
1,52,100,41600,0.000547171,52
1,52,100,41600,0.000276089,52
1,52,100,41600,0.000342131,52
0,0,0.00E+00,0.00E+00,0,0
2,220,200,176000,0.002122998,110
0,0,0.00E+00,0.00E+00,0,0
1,60,100,48000,0.000265837,60
1,60,100,48000,0.000478983,60
1,60,100,48000,0.000243902,60
1,60,100,48000,0.000594854,60
1,52,100,41600,0.00056076,52
1,40,100,32000,0.000256062,40
0,0,0.00E+00,0.00E+00,0,0
0,0,0.00E+00,0.00E+00,0,0
0,0,0.00E+00,0.00E+00,0,0
2,616,200,492800,0.00404501,308
0,0,0.00E+00,0.00E+00,0,0
0,0,0.00E+00,0.00E+00,0,0
0,0,0.00E+00,0.00E+00,0,0
0,0,0.00E+00,0.00E+00,0,0
1,40,100,32000,0.000540972,40
0,0,0.00E+00,0.00E+00,0,0
0,0,0.00E+00,0.00E+00,0,0
0,0,0.00E+00,0.00E+00,0,0
1,40,100,32000,0.000349998,40
0,0,0.00E+00,0.00E+00,0,0
0,0,0.00E+00,0.00E+00,0,0
0,0,0.00E+00,0.00E+00,0,0
0,0,0.00E+00,0.00E+00,0,0
1,52,100,41600,0.000621796,52
1,52,100,41600,0.000331163,52
1,52,100,41600,0.000624895,52
2,496,200,396800,0.004972577,248
1,52,100,41600,0.000708103,52
1,52,100,41600,0.000434399,52
0,0,0.00E+00,0.00E+00,0,0
0,0,0.00E+00,0.00E+00,0,0
3,264,300,211200,0.001368602,88
1,40,100,32000,0.000451088,40
1,40,100,32000,0.000286102,40
1,40,100,32000,0.000212908,40
0,0,0.00E+00,0.00E+00,0,0
1,40,100,32000,0.000338793,40
0,0,0.00E+00,0.00E+00,0,0
1,40,100,32000,0.000407934,40
0,0,0.00E+00,0.00E+00,0,0
9,10588,900,8470400,9.69039E-05,1176.444444
8,4700,800,3760000,0.000849009,587.5
0,0,0.00E+00,0.00E+00,0,0
2,422,200,337600,0.000887036,211
0,0,0.00E+00,0.00E+00,0,0
0,0,0.00E+00,0.00E+00,0,0
0,0,0.00E+00,0.00E+00,0,0
1,74,100,59200,0.000281811,74
0,0,0.00E+00,0.00E+00,0,0
7,7588,700,6070400,0.000116995,1084
0,0,0.00E+00,0.00E+00,0,0
2,468,200,374400,0.004220009,234
1,40,100,32000,0.001439095,40
0,0,0.00E+00,0.00E+00,0,0
3,3040,300,2432000,0.000261386,1013.333333
3,3385,300,2708000,6.36E-07,1128.333333
0,0,0.00E+00,0.00E+00,0,0
3,3040,300,2432000,0.000198444,1013.333333
0,0,0.00E+00,0.00E+00,0,0
1,40,100,32000,0.000233889,40
0,0,0.00E+00,0.00E+00,0,0
0,0,0.00E+00,0.00E+00,0,0
0,0,0.00E+00,0.00E+00,0,0
0,0,0.00E+00,0.00E+00,0,0
6,7540,600,6032000,0.00018398,1256.666667
0,0,0.00E+00,0.00E+00,0,0
0,0,0.00E+00,0.00E+00,0,0
4,3080,400,2464000,0.000245035,770
0,0,0.00E+00,0.00E+00,0,0
1,40,100,32000,0.000256062,40
0,0,0.00E+00,0.00E+00,0,0
0,0,0.00E+00,0.00E+00,0,0
0,0,0.00E+00,0.00E+00,0,0
0,0,0.00E+00,0.00E+00,0,0
0,0,0.00E+00,0.00E+00,0,0
5,3457,500,2765600,0.000352764,691.4
0,0,0.00E+00,0.00E+00,0,0
1,40,100,32000,0.000505924,40
0,0,0.00E+00,0.00E+00,0,0
1,40,100,32000,0.000406027,40
0,0,0.00E+00,0.00E+00,0,0
0,0,0.00E+00,0.00E+00,0,0
0,0,0.00E+00,0.00E+00,0,0
0,0,0.00E+00,0.00E+00,0,0
0,0,0.00E+00,0.00E+00,0,0
1,40,100,32000,0.000553131,40
0,0,0.00E+00,0.00E+00,0,0
1,40,100,32000,0.000428915,40
0,0,0.00E+00,0.00E+00,0,0
0,0,0.00E+00,0.00E+00,0,0
1,576,100,460800,0.009908199,576
0,0,0.00E+00,0.00E+00,0,0
0,0,0.00E+00,0.00E+00,0,0
0,0,0.00E+00,0.00E+00,0,0
0,0,0.00E+00,0.00E+00,0,0
1,40,100,32000,0.000388861,40
0,0,0.00E+00,0.00E+00,0,0
0,0,0.00E+00,0.00E+00,0,0
0,0,0.00E+00,0.00E+00,0,0
1,40,100,32000,0.000622988,40
3,680,300,544000,0.002476692,226.6666667
1,52,100,41600,0.00041914,52
1,52,100,41600,0.000587702,52
1,52,100,41600,0.000539064,52
1,52,100,41600,0.000385761,52
1,52,100,41600,0.000324011,52
2,97,200,77600,0.000270009,48.5
9,10588,900,8470400,5.30084E-05,1176.444444
2,300,200,240000,0.002936602,150
2,616,200,492800,0.002979994,308
2,80,200,64000,0.00087595,40
6,4620,600,3696000,0.000236154,770
0,0,0.00E+00,0.00E+00,0,0
6,7548,600,6038400,0.000106653,1258
0,0,0.00E+00,0.00E+00,0,0
0,0,0.00E+00,0.00E+00,0,0
0,0,0.00E+00,0.00E+00,0,0
1,40,100,32000,0.000486851,40
0,0,0.00E+00,0.00E+00,0,0
0,0,0.00E+00,0.00E+00,0,0
0,0,0.00E+00,0.00E+00,0,0
1,40,100,32000,0.003917933,40
2,80,200,64000,0.002540588,40
4,4540,400,3632000,0.000154793,1135
6,6754,600,5403200,0.000177701,1125.666667
0,0,0.00E+00,0.00E+00,0,0
1,40,100,32000,0.000378847,40
0,0,0.00E+00,0.00E+00,0,0
0,0,0.00E+00,0.00E+00,0,0
0,0,0.00E+00,0.00E+00,0,0
0,0,0.00E+00,0.00E+00,0,0
3,3040,300,2432000,0.000278711,1013.333333
8,9080,800,7264000,0.000577778,1135
0,0,0.00E+00,0.00E+00,0,0
0,0,0.00E+00,0.00E+00,0,0
0,0,0.00E+00,0.00E+00,0,0
1,40,100,32000,0.000272989,40
0,0,0.00E+00,0.00E+00,0,0
1,52,100,41600,0.000203848,52
3,1592,300,1273600,0.000260671,530.6666667
2,429,200,343200,0.00031054,214.5
1,52,100,41600,0.000211954,52
1,52,100,41600,0.000550985,52
2,92,200,73600,0.000227571,46
1,40,100,32000,0.00039196,40
0,0,0.00E+00,0.00E+00,0,0
0,0,0.00E+00,0.00E+00,0,0
2,97,200,77600,0.000400066,48.5
0,0,0.00E+00,0.00E+00,0,0
0,0,0.00E+00,0.00E+00,0,0
0,0,0.00E+00,0.00E+00,0,0
1,40,100,32000,0.000389099,40
0,0,0.00E+00,0.00E+00,0,0
0,0,0.00E+00,0.00E+00,0,0
0,0,0.00E+00,0.00E+00,0,0
0,0,0.00E+00,0.00E+00,0,0
1,40,100,32000,0.000338078,40
0,0,0.00E+00,0.00E+00,0,0
1,40,100,32000,0.000200033,40
1,576,100,460800,0.009423018,576
0,0,0.00E+00,0.00E+00,0,0
0,0,0.00E+00,0.00E+00,0,0
1,40,100,32000,0.000590086,40
0,0,0.00E+00,0.00E+00,0,0
1,40,100,32000,0.000571251,40
0,0,0.00E+00,0.00E+00,0,0
1,40,100,32000,0.000446796,40
0,0,0.00E+00,0.00E+00,0,0
1,40,100,32000,0.000568867,40
0,0,0.00E+00,0.00E+00,0,0
0,0,0.00E+00,0.00E+00,0,0
0,0,0.00E+00,0.00E+00,0,0
1,40,100,32000,0.000346899,40
2,616,200,492800,0.004461408,308
0,0,0.00E+00,0.00E+00,0,0
0,0,0.00E+00,0.00E+00,0,0
0,0,0.00E+00,0.00E+00,0,0
1,40,100,32000,0.000516891,40
0,0,0.00E+00,0.00E+00,0,0
0,0,0.00E+00,0.00E+00,0,0
1,52,100,41600,0.000327826,52
1,52,100,41600,0.00041604,52
1,52,100,41600,0.000364065,52
1,60,100,48000,0.000212908,60
0,0,0.00E+00,0.00E+00,0,0
1,52,100,41600,0.000365973,52
1,52,100,41600,0.00065589,52
1,52,100,41600,0.000660896,52
0,0,0.00E+00,0.00E+00,0,0
9,10588,900,8470400,0.000108666,1176.444444
1,52,100,41600,0.000398874,52
1,40,100,32000,0.000566006,40
0,0,0.00E+00,0.00E+00,0,0
1,40,100,32000,0.003063917,40
3,3040,300,2432000,0.000195026,1013.333333
0,0,0.00E+00,0.00E+00,0,0
6,7548,600,6038400,7.41879E-05,1258
0,0,0.00E+00,0.00E+00,0,0
1,40,100,32000,0.000293016,40
3,1596,300,1276800,0.001099269,532
5,260,500,208000,0.00183301,52
0,0,0.00E+00,0.00E+00,0,0
0,0,0.00E+00,0.00E+00,0,0
1,40,100,32000,0.000213861,40
4,4540,400,3632000,0.000236034,1135
1,1492,100,1193600,1.19209E-06,1492
2,2230,200,1784000,0.000356436,1115
1,40,100,32000,0.001217842,40
5,4580,500,3664000,0.001859426,916
0,0,0.00E+00,0.00E+00,0,0
0,0,0.00E+00,0.00E+00,0,0
0,0,0.00E+00,0.00E+00,0,0
6,6080,600,4864000,0.000208855,1013.333333
0,0,0.00E+00,0.00E+00,0,0
3,4476,300,3580800,0.000320991,1492
0,0,0.00E+00,0.00E+00,0,0
0,0,0.00E+00,0.00E+00,0,0
2,1564,200,1251200,0.000421524,782
2,417,200,333600,0.002359509,208.5
1,52,100,41600,0.000555992,52
1,52,100,41600,0.000254154,52
0,0,0.00E+00,0.00E+00,0,0
0,0,0.00E+00,0.00E+00,0,0
0,0,0.00E+00,0.00E+00,0,0
0,0,0.00E+00,0.00E+00,0,0
1,40,100,32000,0.000355959,40
1,40,100,32000,0.000427008,40
0,0,0.00E+00,0.00E+00,0,0
1,40,100,32000,0.000231743,40
0,0,0.00E+00,0.00E+00,0,0
1,40,100,32000,0.000336885,40
0,0,0.00E+00,0.00E+00,0,0
1,40,100,32000,0.000480175,40
3,458,300,366400,0.002342701,152.6666667
7,9032,700,7225600,7.16959E-05,1290.285714
0,0,0.00E+00,0.00E+00,0,0
0,0,0.00E+00,0.00E+00,0,0
1,40,100,32000,0.00051713,40
0,0,0.00E+00,0.00E+00,0,0
2,1556,200,1244800,0.000191927,778
0,0,0.00E+00,0.00E+00,0,0
1,40,100,32000,0.009825945,40
4,4540,400,3632000,0.000509739,1135
0,0,0.00E+00,0.00E+00,0,0
0,0,0.00E+00,0.00E+00,0,0
1,40,100,32000,0.000247955,40
0,0,0.00E+00,0.00E+00,0,0
8,9080,800,7264000,0.00015825,1135
0,0,0.00E+00,0.00E+00,0,0
0,0,0.00E+00,0.00E+00,0,0
0,0,0.00E+00,0.00E+00,0,0
1,40,100,32000,0.000382185,40
0,0,0.00E+00,0.00E+00,0,0
1,40,100,32000,0.000261068,40
0,0,0.00E+00,0.00E+00,0,0
2,80,200,64000,0.004034042,40
0,0,0.00E+00,0.00E+00,0,0
0,0,0.00E+00,0.00E+00,0,0
6,8214,600,6571200,0.000164827,1369
3,4476,300,3580800,0.000127951,1492
0,0,0.00E+00,0.00E+00,0,0
1,40,100,32000,0.000359058,40
0,0,0.00E+00,0.00E+00,0,0
1,40,100,32000,0.00050211,40
5,3152,500,2521600,0.000299358,630.4
0,0,0.00E+00,0.00E+00,0,0
1,40,100,32000,0.000485182,40
0,0,0.00E+00,0.00E+00,0,0
1,576,100,460800,0.009767056,576
0,0,0.00E+00,0.00E+00,0,0
2,616,200,492800,0.00239706,308
0,0,0.00E+00,0.00E+00,0,0
6,4620,600,3696000,0.000371655,770
2,1548,200,1238400,0.000170946,774
1,377,100,301600,0.000345945,377
0,0,0.00E+00,0.00E+00,0,0
0,0,0.00E+00,0.00E+00,0,0
0,0,0.00E+00,0.00E+00,0,0
1,40,100,32000,0.000524998,40
0,0,0.00E+00,0.00E+00,0,0
1,40,100,32000,0.000296831,40
1,40,100,32000,0.002262831,40
0,0,0.00E+00,0.00E+00,0,0
0,0,0.00E+00,0.00E+00,0,0
0,0,0.00E+00,0.00E+00,0,0
6,6080,600,4864000,0.000213146,1013.333333
3,3048,300,2438400,1.11262E-06,1016
5,3120,500,2496000,0.00118556,624
2,1885,200,1508000,9.54E-07,942.5
1,40,100,32000,0.00118804,40
4,4540,400,3632000,0.000238001,1135
0,0,0.00E+00,0.00E+00,0,0
8,7637,800,6109600,0.000648856,954.625
0,0,0.00E+00,0.00E+00,0,0
0,0,0.00E+00,0.00E+00,0,0
0,0,0.00E+00,0.00E+00,0,0
4,4877,400,3901600,0.000281215,1219.25
1,40,100,32000,0.003849983,40
0,0,0.00E+00,0.00E+00,0,0
4,4540,400,3632000,0.000166297,1135
8,7637,800,6109600,0.000622988,954.625
1,40,100,32000,0.001853943,40
6,4620,600,3696000,0.00074784,770
6,7540,600,6032000,0.000154018,1256.666667
1,40,100,32000,0.000522137,40
7,9040,700,7232000,0.000172309,1291.428571
1,40,100,32000,0.006037951,40
1,40,100,32000,0.001460791,40
0,0,0.00E+00,0.00E+00,0,0
0,0,0.00E+00,0.00E+00,0,0
0,0,0.00E+00,0.00E+00,0,0
2,80,200,64000,0.003921986,40
0,0,0.00E+00,0.00E+00,0,0
6,7540,600,6032000,0.000178536,1256.666667
5,6048,500,4838400,9.30309E-05,1209.6
0,0,0.00E+00,0.00E+00,0,0
1,57,100,45600,0.002166986,57
0,0,0.00E+00,0.00E+00,0,0
0,0,0.00E+00,0.00E+00,0,0
3,3040,300,2432000,0.000241041,1013.333333
0,0,0.00E+00,0.00E+00,0,0
3,1596,300,1276800,0.001119296,532
1,52,100,41600,0.007184982,52
7,9009,700,7207200,0.000388145,1287
1,40,100,32000,0.000532866,40
0,0,0.00E+00,0.00E+00,0,0
1,40,100,32000,0.000383854,40
0,0,0.00E+00,0.00E+00,0,0
2,320,200,256000,0.002682567,160
1,40,100,32000,0.000595093,40
0,0,0.00E+00,0.00E+00,0,0
0,0,0.00E+00,0.00E+00,0,0
0,0,0.00E+00,0.00E+00,0,0
0,0,0.00E+00,0.00E+00,0,0
1,88,100,70400,0.000497103,88
2,2984,200,2387200,0.000411987,1492
1,1492,100,1193600,0.000792027,1492
0,0,0.00E+00,0.00E+00,0,0
0,0,0.00E+00,0.00E+00,0,0
3,4446,300,3556800,0.000277599,1482
0,0,0.00E+00,0.00E+00,0,0
1,40,100,32000,0.000566006,40
0,0,0.00E+00,0.00E+00,0,0
1,40,100,32000,0.000389099,40
2,2984,200,2387200,0.000407457,1492
1,1492,100,1193600,0.00065279,1492
0,0,0.00E+00,0.00E+00,0,0
1,40,100,32000,0.000411987,40
0,0,0.00E+00,0.00E+00,0,0
1,40,100,32000,0.000354052,40
3,4476,300,3580800,0.000215928,1492
1,1492,100,1193600,0.000617743,1492
0,0,0.00E+00,0.00E+00,0,0
1,40,100,32000,0.000506163,40
0,0,0.00E+00,0.00E+00,0,0
0,0,0.00E+00,0.00E+00,0,0
0,0,0.00E+00,0.00E+00,0,0
1,40,100,32000,0.000300884,40
5,4636,500,3708800,0.001631021,927.2
1,1492,100,1193600,0.000697136,1492
0,0,0.00E+00,0.00E+00,0,0
0,0,0.00E+00,0.00E+00,0,0
0,0,0.00E+00,0.00E+00,0,0
1,40,100,32000,0.00051403,40
2,1548,200,1238400,0.000264883,774
5,4556,500,3644800,0.001329613,911.2
1,1492,100,1193600,0.000581741,1492
0,0,0.00E+00,0.00E+00,0,0
1,40,100,32000,0.000624895,40
0,0,0.00E+00,0.00E+00,0,0
0,0,0.00E+00,0.00E+00,0,0
2,1572,200,1257600,0.000196576,786
1,1492,100,1193600,0.000631094,1492
0,0,0.00E+00,0.00E+00,0,0
1,40,100,32000,0.000408888,40
1,1492,100,1193600,0.000614882,1492
1,1492,100,1193600,0.000623226,1492
0,0,0.00E+00,0.00E+00,0,0
1,40,100,32000,0.000371933,40
0,0,0.00E+00,0.00E+00,0,0
0,0,0.00E+00,0.00E+00,0,0
0,0,0.00E+00,0.00E+00,0,0
0,0,0.00E+00,0.00E+00,0,0
1,1492,100,1193600,0.000642061,1492
4,1668,400,1334400,0.000771224,417
0,0,0.00E+00,0.00E+00,0,0
1,40,100,32000,0.000217915,40
0,0,0.00E+00,0.00E+00,0,0
0,0,0.00E+00,0.00E+00,0,0
2,1324,200,1059200,0.004353046,662
1,40,100,32000,0.000200987,40
0,0,0.00E+00,0.00E+00,0,0
1,40,100,32000,0.00037384,40
0,0,0.00E+00,0.00E+00,0,0
1,40,100,32000,0.00059104,40
0,0,0.00E+00,0.00E+00,0,0
0,0,0.00E+00,0.00E+00,0,0
0,0,0.00E+00,0.00E+00,0,0
1,40,100,32000,0.000607014,40
0,0,0.00E+00,0.00E+00,0,0
0,0,0.00E+00,0.00E+00,0,0
2,484,200,387200,0.004670024,242
2,616,200,492800,0.002718449,308
0,0,0.00E+00,0.00E+00,0,0
2,97,200,77600,0.000314593,48.5
0,0,0.00E+00,0.00E+00,0,0
1,40,100,32000,0.000505924,40
3,3560,300,2848000,0.001830339,1186.666667
0,0,0.00E+00,0.00E+00,0,0
0,0,0.00E+00,0.00E+00,0,0
1,40,100,32000,0.000566959,40
0,0,0.00E+00,0.00E+00,0,0
1,40,100,32000,0.000418186,40
0,0,0.00E+00,0.00E+00,0,0
1,40,100,32000,0.000535965,40
1,1492,100,1193600,0.000757933,1492
0,0,0.00E+00,0.00E+00,0,0
5,4612,500,3689600,0.000458002,922.4
0,0,0.00E+00,0.00E+00,0,0
0,0,0.00E+00,0.00E+00,0,0
0,0,0.00E+00,0.00E+00,0,0
1,40,100,32000,0.00020504,40
0,0,0.00E+00,0.00E+00,0,0
1,40,100,32000,0.000296116,40
0,0,0.00E+00,0.00E+00,0,0
1,40,100,32000,0.000533819,40
0,0,0.00E+00,0.00E+00,0,0
1,40,100,32000,0.000236988,40
4,3080,400,2464000,0.000449061,770
0,0,0.00E+00,0.00E+00,0,0
3,3377,300,2701600,7.15E-07,1125.666667
0,0,0.00E+00,0.00E+00,0,0
0,0,0.00E+00,0.00E+00,0,0
2,208,200,166400,0.002449036,104
2,616,200,492800,0.003921986,308
0,0,0.00E+00,0.00E+00,0,0
1,40,100,32000,0.000180006,40
2,468,200,374400,0.004281998,234
0,0,0.00E+00,0.00E+00,0,0
0,0,0.00E+00,0.00E+00,0,0
1,1492,100,1193600,0.000711918,1492
3,1596,300,1276800,0.000531991,532
4,3080,400,2464000,0.000867009,770
1,1492,100,1193600,1.19209E-06,1492
0,0,0.00E+00,0.00E+00,0,0
0,0,0.00E+00,0.00E+00,0,0
0,0,0.00E+00,0.00E+00,0,0
0,0,0.00E+00,0.00E+00,0,0
0,0,0.00E+00,0.00E+00,0,0
1,40,100,32000,0.000200033,40
0,0,0.00E+00,0.00E+00,0,0
1,40,100,32000,0.000446796,40
0,0,0.00E+00,0.00E+00,0,0
1,40,100,32000,0.000348091,40
0,0,0.00E+00,0.00E+00,0,0
1,1492,100,1193600,0.000570059,1492
1,1492,100,1193600,0.000656128,1492
1,1492,100,1193600,0.000512123,1492
2,1580,200,1264000,0.000283599,790
0,0,0.00E+00,0.00E+00,0,0
0,0,0.00E+00,0.00E+00,0,0
0,0,0.00E+00,0.00E+00,0,0
0,0,0.00E+00,0.00E+00,0,0
0,0,0.00E+00,0.00E+00,0,0
0,0,0.00E+00,0.00E+00,0,0
1,40,100,32000,0.000252247,40
0,0,0.00E+00,0.00E+00,0,0
1,40,100,32000,0.000239134,40
0,0,0.00E+00,0.00E+00,0,0
1,40,100,32000,0.000509024,40
0,0,0.00E+00,0.00E+00,0,0
0,0,0.00E+00,0.00E+00,0,0
1,40,100,32000,0.000394106,40
1,1492,100,1193600,0.000585079,1492
0,0,0.00E+00,0.00E+00,0,0
0,0,0.00E+00,0.00E+00,0,0
1,52,100,41600,0.000310898,52
1,52,100,41600,0.000405073,52
1,52,100,41600,0.000446796,52
1,52,100,41600,0.000464916,52
1,52,100,41600,0.000198841,52
1,52,100,41600,0.000465155,52
1,52,100,41600,0.000307083,52
1,52,100,41600,0.000264883,52
1,52,100,41600,0.000192881,52
1,52,100,41600,0.000490189,52
4,4540,400,3632000,0.000195742,1135
1,52,100,41600,0.000189066,52
1,52,100,41600,0.000249147,52
1,40,100,32000,0.000264883,40
0,0,0.00E+00,0.00E+00,0,0
1,40,100,32000,0.000262976,40
0,0,0.00E+00,0.00E+00,0,0
1,40,100,32000,0.000343323,40
0,0,0.00E+00,0.00E+00,0,0
1,40,100,32000,0.000319004,40
0,0,0.00E+00,0.00E+00,0,0
1,40,100,32000,0.000441074,40
5,6008,500,4806400,0.001131582,1201.6
1,204,100,163200,0.00835371,204
0,0,0.00E+00,0.00E+00,0,0
0,0,0.00E+00,0.00E+00,0,0
1,40,100,32000,0.000422955,40
0,0,0.00E+00,0.00E+00,0,0
1,40,100,32000,0.000290871,40
2,616,200,492800,0.004543424,308
2,2984,200,2387200,0.000356555,1492
1,1492,100,1193600,0.000366211,1492
0,0,0.00E+00,0.00E+00,0,0
1,40,100,32000,0.000586033,40
0,0,0.00E+00,0.00E+00,0,0
0,0,0.00E+00,0.00E+00,0,0
0,0,0.00E+00,0.00E+00,0,0
1,40,100,32000,0.000361204,40
0,0,0.00E+00,0.00E+00,0,0
1,40,100,32000,0.000230074,40
1,1492,100,1193600,0.000317812,1492
1,96,100,76800,0.000196218,96
0,0,0.00E+00,0.00E+00,0,0
0,0,0.00E+00,0.00E+00,0,0
0,0,0.00E+00,0.00E+00,0,0
0,0,0.00E+00,0.00E+00,0,0
0,0,0.00E+00,0.00E+00,0,0
0,0,0.00E+00,0.00E+00,0,0
0,0,0.00E+00,0.00E+00,0,0
3,3024,300,2419200,0.001333316,1008
0,0,0.00E+00,0.00E+00,0,0
3,4476,300,3580800,0.00026536,1492
0,0,0.00E+00,0.00E+00,0,0
2,616,200,492800,0.004858494,308
1,40,100,32000,0.000222921,40
2,320,200,256000,0.002635956,160
0,0,0.00E+00,0.00E+00,0,0
1,40,100,32000,0.000404119,40
3,1620,300,1296000,0.000144958,540
0,0,0.00E+00,0.00E+00,0,0
1,40,100,32000,0.0002141,40
0,0,0.00E+00,0.00E+00,0,0
1,40,100,32000,0.000243902,40
0,0,0.00E+00,0.00E+00,0,0
1,40,100,32000,0.000557899,40
0,0,0.00E+00,0.00E+00,0,0
1,40,100,32000,0.000591993,40
3,4476,300,3580800,0.000209967,1492
0,0,0.00E+00,0.00E+00,0,0
1,40,100,32000,0.000545025,40
0,0,0.00E+00,0.00E+00,0,0
1,40,100,32000,0.00041604,40
0,0,0.00E+00,0.00E+00,0,0
1,40,100,32000,0.00051403,40
0,0,0.00E+00,0.00E+00,0,0
1,40,100,32000,0.000552893,40
0,0,0.00E+00,0.00E+00,0,0
0,0,0.00E+00,0.00E+00,0,0
1,1492,100,1193600,0.000365019,1492
0,0,0.00E+00,0.00E+00,0,0
1,40,100,32000,0.00039506,40
0,0,0.00E+00,0.00E+00,0,0
1,40,100,32000,0.000404119,40
0,0,0.00E+00,0.00E+00,0,0
1,40,100,32000,0.000212908,40
0,0,0.00E+00,0.00E+00,0,0
1,40,100,32000,0.000307083,40
0,0,0.00E+00,0.00E+00,0,0
0,0,0.00E+00,0.00E+00,0,0
2,2984,200,2387200,0.000297546,1492
1,1492,100,1193600,0.000651121,1492
0,0,0.00E+00,0.00E+00,0,0
1,52,100,41600,0.000259161,52
1,52,100,41600,0.000289917,52
1,52,100,41600,0.000178814,52
1,60,100,48000,0.000182867,60
2,1532,200,1225600,0.001697063,766
2,1552,200,1241600,0.000419378,776
1,60,100,48000,0.000396967,60
1,60,100,48000,0.000431061,60
0,0,0.00E+00,0.00E+00,0,0
1,52,100,41600,0.000372171,52
1,52,100,41600,0.000562906,52
3,3096,300,2476800,0.000178973,1032
1,52,100,41600,0.000473976,52
2,1544,200,1235200,0.000305414,772
1,52,100,41600,0.000405788,52
3,3048,300,2438400,0.000191291,1016
1,1492,100,1193600,0.000659943,1492
1,52,100,41600,0.00036478,52
0,0,0.00E+00,0.00E+00,0,0
1,40,100,32000,0.000241995,40
1,1492,100,1193600,0.000352859,1492
0,0,0.00E+00,0.00E+00,0,0
3,3036,300,2428800,0.001393557,1012
1,1492,100,1193600,0.000579119,1492
1,40,100,32000,0.006418943,40
2,2971,200,2376800,0.000380516,1485.5
0,0,0.00E+00,0.00E+00,0,0
1,52,100,41600,0.000406027,52
1,52,100,41600,0.000427008,52
0,0,0.00E+00,0.00E+00,0,0
0,0,0.00E+00,0.00E+00,0,0
1,52,100,41600,0.000505924,52
1,40,100,32000,0.000356913,40
1,40,100,32000,0.00041008,40
1,40,100,32000,0.000333786,40
0,0,0.00E+00,0.00E+00,0,0
1,40,100,32000,0.000253916,40
0,0,0.00E+00,0.00E+00,0,0
0,0,0.00E+00,0.00E+00,0,0
0,0,0.00E+00,0.00E+00,0,0
1,40,100,32000,0.000314236,40
0,0,0.00E+00,0.00E+00,0,0
0,0,0.00E+00,0.00E+00,0,0
2,383,200,306400,0.003675461,191.5
1,1492,100,1193600,1.90735E-06,1492
3,4476,300,3580800,0.000215371,1492
2,1580,200,1264000,0.000144958,790
2,2984,200,2387200,0.000439405,1492
4,4893,400,3914400,0.000200033,1223.25
0,0,0.00E+00,0.00E+00,0,0
0,0,0.00E+00,0.00E+00,0,0
6,6072,600,4857600,0.00056688,1012
5,4556,500,3644800,0.001989985,911.2
2,1572,200,1257600,0.000198126,786
4,3425,400,2740000,0.002459705,856.25
0,0,0.00E+00,0.00E+00,0,0
2,1540,200,1232000,0.000256538,770
0,0,0.00E+00,0.00E+00,0,0
1,1492,100,1193600,0.00048399,1492
2,2984,200,2387200,0.000394464,1492
4,3129,400,2503200,0.00119251,782.25
0,0,0.00E+00,0.00E+00,0,0
0,0,0.00E+00,0.00E+00,0,0
1,576,100,460800,0.009731054,576
1,40,100,32000,0.000467062,40
0,0,0.00E+00,0.00E+00,0,0
0,0,0.00E+00,0.00E+00,0,0
0,0,0.00E+00,0.00E+00,0,0
0,0,0.00E+00,0.00E+00,0,0
4,4540,400,3632000,0.00020802,1135
4,5968,400,4774400,0.00034523,1492
0,0,0.00E+00,0.00E+00,0,0
0,0,0.00E+00,0.00E+00,0,0
0,0,0.00E+00,0.00E+00,0,0
0,0,0.00E+00,0.00E+00,0,0
2,1572,200,1257600,0.000311017,786
1,40,100,32000,0.00128293,40
5,3120,500,2496000,0.000661373,624
0,0,0.00E+00,0.00E+00,0,0
0,0,0.00E+00,0.00E+00,0,0
0,0,0.00E+00,0.00E+00,0,0
0,0,0.00E+00,0.00E+00,0,0
0,0,0.00E+00,0.00E+00,0,0
0,0,0.00E+00,0.00E+00,0,0
8,8864,800,7091200,0.000964999,1108
2,80,200,64000,0.004321456,40
0,0,0.00E+00,0.00E+00,0,0
1,1492,100,1193600,9.54E-07,1492
0,0,0.00E+00,0.00E+00,0,0
0,0,0.00E+00,0.00E+00,0,0
0,0,0.00E+00,0.00E+00,0,0
0,0,0.00E+00,0.00E+00,0,0
0,0,0.00E+00,0.00E+00,0,0
1,40,100,32000,0.0004251,40
6,4636,600,3708800,0.000599345,772.6666667
3,3040,300,2432000,0.00025034,1013.333333
0,0,0.00E+00,0.00E+00,0,0
0,0,0.00E+00,0.00E+00,0,0
0,0,0.00E+00,0.00E+00,0,0
0,0,0.00E+00,0.00E+00,0,0
0,0,0.00E+00,0.00E+00,0,0
0,0,0.00E+00,0.00E+00,0,0
1,40,100,32000,0.00027585,40
0,0,0.00E+00,0.00E+00,0,0
1,40,100,32000,0.000384092,40
5,1700,500,1360000,0.001336575,340
0,0,0.00E+00,0.00E+00,0,0
1,52,100,41600,0.004826069,52
0,0,0.00E+00,0.00E+00,0,0
0,0,0.00E+00,0.00E+00,0,0
1,40,100,32000,0.000409126,40
0,0,0.00E+00,0.00E+00,0,0
1,40,100,32000,0.000256062,40
0,0,0.00E+00,0.00E+00,0,0
1,40,100,32000,0.000255823,40
5,6377,500,5101600,0.0002038,1275.4
0,0,0.00E+00,0.00E+00,0,0
0,0,0.00E+00,0.00E+00,0,0
0,0,0.00E+00,0.00E+00,0,0
2,300,200,240000,0.002928019,150
0,0,0.00E+00,0.00E+00,0,0
0,0,0.00E+00,0.00E+00,0,0
1,40,100,32000,0.000219107,40
0,0,0.00E+00,0.00E+00,0,0
1,40,100,32000,0.0002141,40
2,2984,200,2387200,0.000379682,1492
1,1492,100,1193600,0.000609875,1492
2,2984,200,2387200,0.000370979,1492
0,0,0.00E+00,0.00E+00,0,0
1,40,100,32000,0.000426054,40
0,0,0.00E+00,0.00E+00,0,0
1,40,100,32000,0.000317812,40
0,0,0.00E+00,0.00E+00,0,0
1,40,100,32000,0.000596046,40
0,0,0.00E+00,0.00E+00,0,0
0,0,0.00E+00,0.00E+00,0,0
0,0,0.00E+00,0.00E+00,0,0
1,40,100,32000,0.000252008,40
3,3072,300,2457600,0.000220299,1024
2,1548,200,1238400,0.000316978,774
0,0,0.00E+00,0.00E+00,0,0
0,0,0.00E+00,0.00E+00,0,0
1,40,100,32000,0.000470877,40
0,0,0.00E+00,0.00E+00,0,0
1,40,100,32000,0.000561953,40
0,0,0.00E+00,0.00E+00,0,0
1,40,100,32000,0.000369787,40
0,0,0.00E+00,0.00E+00,0,0
0,0,0.00E+00,0.00E+00,0,0
0,0,0.00E+00,0.00E+00,0,0
1,40,100,32000,0.000219822,40
4,4540,400,3632000,0.000210285,1135
1,411,100,328800,0.000528097,411
0,0,0.00E+00,0.00E+00,0,0
0,0,0.00E+00,0.00E+00,0,0
1,40,100,32000,0.000175953,40
0,0,0.00E+00,0.00E+00,0,0
1,40,100,32000,0.000465155,40
1,1492,100,1193600,0.000317812,1492
0,0,0.00E+00,0.00E+00,0,0
1,40,100,32000,0.000543833,40
6,6096,600,4876800,0.000313481,1016
1,52,100,41600,0.000311136,52
1,52,100,41600,0.00023818,52
1,52,100,41600,0.000277042,52
1,52,100,41600,0.000334978,52
1,52,100,41600,0.000343084,52
0,0,0.00E+00,0.00E+00,0,0
1,52,100,41600,0.000636816,52
1,52,100,41600,0.000565052,52
2,80,200,64000,0.001504898,40
3,3048,300,2438400,0.000162601,1016
3,3377,300,2701600,0.00016435,1125.666667
2,128,200,102400,0.000830412,64
1,52,100,41600,0.000539064,52
3,512,300,409600,0.002782345,170.6666667
3,3048,300,2438400,0.000216643,1016
0,0,0.00E+00,0.00E+00,0,0
5,4580,500,3664000,0.00083518,916
0,0,0.00E+00,0.00E+00,0,0
1,52,100,41600,0.000488997,52
0,0,0.00E+00,0.00E+00,0,0
1,52,100,41600,0.000271082,52
1,40,100,32000,0.00051403,40
0,0,0.00E+00,0.00E+00,0,0
7,7580,700,6064000,0.000244447,1082.857143
0,0,0.00E+00,0.00E+00,0,0
1,394,100,315200,0.000246763,394
0,0,0.00E+00,0.00E+00,0,0
0,0,0.00E+00,0.00E+00,0,0
0,0,0.00E+00,0.00E+00,0,0
0,0,0.00E+00,0.00E+00,0,0
0,0,0.00E+00,0.00E+00,0,0
0,0,0.00E+00,0.00E+00,0,0
1,52,100,41600,0.000234842,52
1,52,100,41600,0.000371933,52
0,0,0.00E+00,0.00E+00,0,0
0,0,0.00E+00,0.00E+00,0,0
1,52,100,41600,0.000226974,52
1,40,100,32000,0.000257015,40
2,616,200,492800,0.004991889,308
0,0,0.00E+00,0.00E+00,0,0
1,40,100,32000,0.000355959,40
0,0,0.00E+00,0.00E+00,0,0
1,40,100,32000,0.00045681,40
0,0,0.00E+00,0.00E+00,0,0
0,0,0.00E+00,0.00E+00,0,0
1,40,100,32000,0.000236988,40
0,0,0.00E+00,0.00E+00,0,0
1,40,100,32000,0.000267982,40
0,0,0.00E+00,0.00E+00,0,0
9,10588,900,8470400,8.37909E-05,1176.444444
0,0,0.00E+00,0.00E+00,0,0
0,0,0.00E+00,0.00E+00,0,0
0,0,0.00E+00,0.00E+00,0,0
2,2984,200,2387200,0.000249982,1492
0,0,0.00E+00,0.00E+00,0,0
7,7564,700,6051200,0.001035282,1080.571429
4,1716,400,1372800,0.002421021,429
0,0,0.00E+00,0.00E+00,0,0
0,0,0.00E+00,0.00E+00,0,0
0,0,0.00E+00,0.00E+00,0,0
1,60,100,48000,0.005502939,60
1,40,100,32000,0.000304937,40
0,0,0.00E+00,0.00E+00,0,0
0,0,0.00E+00,0.00E+00,0,0
0,0,0.00E+00,0.00E+00,0,0
0,0,0.00E+00,0.00E+00,0,0
0,0,0.00E+00,0.00E+00,0,0
0,0,0.00E+00,0.00E+00,0,0
1,40,100,32000,0.000276089,40
0,0,0.00E+00,0.00E+00,0,0
0,0,0.00E+00,0.00E+00,0,0
0,0,0.00E+00,0.00E+00,0,0
0,0,0.00E+00,0.00E+00,0,0
2,616,200,492800,0.004732013,308
1,52,100,41600,0.000273943,52
0,0,0.00E+00,0.00E+00,0,0
1,52,100,41600,0.000393867,52
1,52,100,41600,0.000342131,52
1,52,100,41600,0.00047493,52
2,2984,200,2387200,0.000347972,1492
0,0,0.00E+00,0.00E+00,0,0
1,1492,100,1193600,0.000403881,1492
2,2984,200,2387200,0.000350475,1492
1,40,100,32000,0.000438213,40
1,40,100,32000,0.000201941,40
2,2984,200,2387200,0.000270009,1492
0,0,0.00E+00,0.00E+00,0,0
1,40,100,32000,0.000432968,40
0,0,0.00E+00,0.00E+00,0,0
0,0,0.00E+00,0.00E+00,0,0
2,2984,200,2387200,0.0002985,1492
2,616,200,492800,0.004770994,308
0,0,0.00E+00,0.00E+00,0,0
3,4476,300,3580800,0.000238736,1492
0,0,0.00E+00,0.00E+00,0,0
0,0,0.00E+00,0.00E+00,0,0
0,0,0.00E+00,0.00E+00,0,0
0,0,0.00E+00,0.00E+00,0,0
2,1628,200,1302400,0.000355959,814
3,3040,300,2432000,0.000241677,1013.333333
0,0,0.00E+00,0.00E+00,0,0
1,52,100,41600,0.000279903,52
0,0,0.00E+00,0.00E+00,0,0
1,714,100,571200,0.00048995,714
0,0,0.00E+00,0.00E+00,0,0
0,0,0.00E+00,0.00E+00,0,0
1,40,100,32000,0.000263214,40
1,57,100,45600,0.000418901,57
0,0,0.00E+00,0.00E+00,0,0
0,0,0.00E+00,0.00E+00,0,0
2,2984,200,2387200,0.000315428,1492
4,4564,400,3651200,0.000141263,1141
3,1596,300,1276800,0.000974019,532
0,0,0.00E+00,0.00E+00,0,0
0,0,0.00E+00,0.00E+00,0,0
2,2984,200,2387200,0.000491977,1492
2,2984,200,2387200,0.000357032,1492
0,0,0.00E+00,0.00E+00,0,0
2,2984,200,2387200,0.000262976,1492
3,3041,300,2432800,0.001174688,1013.666667
1,40,100,32000,0.000443935,40
2,2984,200,2387200,0.000275016,1492
0,0,0.00E+00,0.00E+00,0,0
1,40,100,32000,0.000342846,40
3,4476,300,3580800,0.000202656,1492
0,0,0.00E+00,0.00E+00,0,0
1,40,100,32000,0.000222683,40
2,2984,200,2387200,0.000386596,1492
2,2368,200,1894400,0.000312924,1184
0,0,0.00E+00,0.00E+00,0,0
1,40,100,32000,0.000180006,40
0,0,0.00E+00,0.00E+00,0,0
0,0,0.00E+00,0.00E+00,0,0
3,3040,300,2432000,0.000202338,1013.333333
2,2984,200,2387200,0.000342488,1492
0,0,0.00E+00,0.00E+00,0,0
1,40,100,32000,0.000226021,40
0,0,0.00E+00,0.00E+00,0,0
0,0,0.00E+00,0.00E+00,0,0
2,2984,200,2387200,0.000291944,1492
1,1492,100,1193600,0.000482798,1492
3,1632,300,1305600,0.000210683,544
0,0,0.00E+00,0.00E+00,0,0
0,0,0.00E+00,0.00E+00,0,0
6,4632,600,3705600,0.000599384,772
0,0,0.00E+00,0.00E+00,0,0
0,0,0.00E+00,0.00E+00,0,0
1,52,100,41600,0.000570059,52
2,424,200,339200,0.00396347,212
1,377,100,301600,0.000319958,377
2,616,200,492800,0.004881024,308
0,0,0.00E+00,0.00E+00,0,0
2,80,200,64000,0.000653505,40
0,0,0.00E+00,0.00E+00,0,0
0,0,0.00E+00,0.00E+00,0,0
1,40,100,32000,0.000232935,40
0,0,0.00E+00,0.00E+00,0,0
1,40,100,32000,0.000453949,40
0,0,0.00E+00,0.00E+00,0,0
0,0,0.00E+00,0.00E+00,0,0
0,0,0.00E+00,0.00E+00,0,0
0,0,0.00E+00,0.00E+00,0,0
0,0,0.00E+00,0.00E+00,0,0
0,0,0.00E+00,0.00E+00,0,0
0,0,0.00E+00,0.00E+00,0,0
1,40,100,32000,0.000417948,40
0,0,0.00E+00,0.00E+00,0,0
0,0,0.00E+00,0.00E+00,0,0
0,0,0.00E+00,0.00E+00,0,0
1,40,100,32000,0.000275135,40
0,0,0.00E+00,0.00E+00,0,0
1,40,100,32000,0.000313997,40
1,52,100,41600,0.000245094,52
1,52,100,41600,0.000302076,52
2,628,200,502400,0.004788041,314
1,40,100,32000,0.000231981,40
0,0,0.00E+00,0.00E+00,0,0
7,7588,700,6070400,9.71726E-05,1084
0,0,0.00E+00,0.00E+00,0,0
1,40,100,32000,0.000205755,40
7,4660,700,3728000,0.000725882,665.7142857
4,3417,400,2733600,0.001366436,854.25
0,0,0.00E+00,0.00E+00,0,0
1,40,100,32000,0.000436068,40
2,1548,200,1238400,0.000187516,774
0,0,0.00E+00,0.00E+00,0,0
3,4476,300,3580800,0.000248035,1492
3,3064,300,2451200,0.000178337,1021.333333
0,0,0.00E+00,0.00E+00,0,0
0,0,0.00E+00,0.00E+00,0,0
1,40,100,32000,0.000351906,40
0,0,0.00E+00,0.00E+00,0,0
5,6040,500,4832000,0.000175953,1208
1,377,100,301600,0.000359297,377
0,0,0.00E+00,0.00E+00,0,0
0,0,0.00E+00,0.00E+00,0,0
2,80,200,64000,0.003256559,40
0,0,0.00E+00,0.00E+00,0,0
0,0,0.00E+00,0.00E+00,0,0
0,0,0.00E+00,0.00E+00,0,0
0,0,0.00E+00,0.00E+00,0,0
1,40,100,32000,0.000219107,40
0,0,0.00E+00,0.00E+00,0,0
1,40,100,32000,0.000247002,40
0,0,0.00E+00,0.00E+00,0,0
0,0,0.00E+00,0.00E+00,0,0
2,616,200,492800,0.003870964,308
0,0,0.00E+00,0.00E+00,0,0
0,0,0.00E+00,0.00E+00,0,0
0,0,0.00E+00,0.00E+00,0,0
1,40,100,32000,0.000267029,40
0,0,0.00E+00,0.00E+00,0,0
1,40,100,32000,0.000253916,40
1,52,100,41600,0.000492096,52
1,52,100,41600,0.000477076,52
1,52,100,41600,0.000380993,52
0,0,0.00E+00,0.00E+00,0,0
1,40,100,32000,0.000440836,40
1,40,100,32000,0.000339746,40
1,40,100,32000,0.000243902,40
1,66,100,52800,0.000777245,66
0,0,0.00E+00,0.00E+00,0,0
0,0,0.00E+00,0.00E+00,0,0
0,0,0.00E+00,0.00E+00,0,0
2,2984,200,2387200,0.000386953,1492
2,2984,200,2387200,0.000431061,1492
2,1580,200,1264000,0.000236511,790
0,0,0.00E+00,0.00E+00,0,0
0,0,0.00E+00,0.00E+00,0,0
0,0,0.00E+00,0.00E+00,0,0
1,40,100,32000,0.000249863,40
0,0,0.00E+00,0.00E+00,0,0
1,40,100,32000,0.000414133,40
0,0,0.00E+00,0.00E+00,0,0
1,40,100,32000,0.0003829,40
1,40,100,32000,0.000381708,40
0,0,0.00E+00,0.00E+00,0,0
0,0,0.00E+00,0.00E+00,0,0
1,40,100,32000,0.000389099,40
2,1580,200,1264000,0.000241995,790
1,576,100,460800,0.009649038,576
1,576,100,460800,0.009829998,576
0,0,0.00E+00,0.00E+00,0,0
3,4476,300,3580800,0.000276009,1492
0,0,0.00E+00,0.00E+00,0,0
1,40,100,32000,0.000365019,40
0,0,0.00E+00,0.00E+00,0,0
0,0,0.00E+00,0.00E+00,0,0
5,4941,500,3952800,0.000436592,988.2
0,0,0.00E+00,0.00E+00,0,0
1,40,100,32000,0.000512838,40
0,0,0.00E+00,0.00E+00,0,0
1,40,100,32000,0.00031805,40
6,6080,600,4864000,0.000649333,1013.333333
0,0,0.00E+00,0.00E+00,0,0
1,40,100,32000,0.000451803,40
0,0,0.00E+00,0.00E+00,0,0
1,40,100,32000,0.000360966,40
6,6048,600,4838400,0.000782847,1008
0,0,0.00E+00,0.00E+00,0,0
1,40,100,32000,0.000405073,40
2,101,200,80800,0.001239419,50.5
4,3112,400,2489600,0.001724005,778
0,0,0.00E+00,0.00E+00,0,0
4,4540,400,3632000,0.000279009,1135
2,1532,200,1225600,0.000231981,766
4,3096,400,2476800,0.000517011,774
4,4540,400,3632000,0.000187993,1135
0,0,0.00E+00,0.00E+00,0,0
4,4533,400,3626400,0.000800252,1133.25
2,2984,200,2387200,0.000275493,1492
2,1580,200,1264000,0.000222564,790
0,0,0.00E+00,0.00E+00,0,0
0,0,0.00E+00,0.00E+00,0,0
0,0,0.00E+00,0.00E+00,0,0
1,40,100,32000,0.002300978,40
7,9040,700,7232000,0.0001813,1291.428571
0,0,0.00E+00,0.00E+00,0,0
0,0,0.00E+00,0.00E+00,0,0
1,40,100,32000,0.002470016,40
0,0,0.00E+00,0.00E+00,0,0
0,0,0.00E+00,0.00E+00,0,0
0,0,0.00E+00,0.00E+00,0,0
0,0,0.00E+00,0.00E+00,0,0
2,2984,200,2387200,0.000302076,1492
3,4476,300,3580800,0.000294685,1492
6,6120,600,4896000,0.000384172,1020
4,3080,400,2464000,0.000514746,770
3,4476,300,3580800,0.000273387,1492
2,2984,200,2387200,0.00030148,1492
0,0,0.00E+00,0.00E+00,0,0
4,1677,400,1341600,0.001594961,419.25
1,40,100,32000,0.000365019,40
0,0,0.00E+00,0.00E+00,0,0
1,40,100,32000,0.000262976,40
2,616,200,492800,0.003646016,308
0,0,0.00E+00,0.00E+00,0,0
0,0,0.00E+00,0.00E+00,0,0
0,0,0.00E+00,0.00E+00,0,0
7,9032,700,7225600,0.000154972,1290.285714
0,0,0.00E+00,0.00E+00,0,0
1,40,100,32000,0.000478268,40
0,0,0.00E+00,0.00E+00,0,0
0,0,0.00E+00,0.00E+00,0,0
0,0,0.00E+00,0.00E+00,0,0
1,40,100,32000,0.000469923,40
0,0,0.00E+00,0.00E+00,0,0
0,0,0.00E+00,0.00E+00,0,0
8,9088,800,7270400,0.000161111,1136
1,52,100,41600,0.000451088,52
1,52,100,41600,0.0002141,52
1,52,100,41600,0.000322104,52
1,52,100,41600,0.000406027,52
1,52,100,41600,0.000257015,52
9,7672,900,6137600,0.000444704,852.4444444
0,0,0.00E+00,0.00E+00,0,0
1,52,100,41600,0.000382185,52
1,40,100,32000,0.000537872,40
1,636,100,508800,0.000320911,636
2,616,200,492800,0.004521489,308
6,1752,600,1401600,0.001405279,292
0,0,0.00E+00,0.00E+00,0,0
0,0,0.00E+00,0.00E+00,0,0
0,0,0.00E+00,0.00E+00,0,0
0,0,0.00E+00,0.00E+00,0,0
2,80,200,64000,0.001280427,40
0,0,0.00E+00,0.00E+00,0,0
0,0,0.00E+00,0.00E+00,0,0
0,0,0.00E+00,0.00E+00,0,0
0,0,0.00E+00,0.00E+00,0,0
2,230,200,184000,0.001865864,115
2,2984,200,2387200,0.000165462,1492
5,6008,500,4806400,0.000896025,1201.6
5,4620,500,3696000,0.000471973,924
2,1556,200,1244800,0.000269532,778
5,6008,500,4806400,0.000816441,1201.6
1,1492,100,1193600,0.000588894,1492
0,0,0.00E+00,0.00E+00,0,0
3,1620,300,1296000,0.000382582,540
0,0,0.00E+00,0.00E+00,0,0
0,0,0.00E+00,0.00E+00,0,0
0,0,0.00E+00,0.00E+00,0,0
0,0,0.00E+00,0.00E+00,0,0
6,7540,600,6032000,0.000160336,1256.666667
0,0,0.00E+00,0.00E+00,0,0
7,6128,700,4902400,0.001157897,875.4285714
4,4540,400,3632000,0.000190258,1135
0,0,0.00E+00,0.00E+00,0,0
0,0,0.00E+00,0.00E+00,0,0
1,40,100,32000,0.000350952,40
4,5551,400,4440800,0.000170767,1387.75
1,40,100,32000,0.002948999,40
6,4637,600,3709600,0.000697017,772.8333333
4,5968,400,4774400,9.91821E-05,1492
3,1620,300,1296000,0.000181039,540
4,1636,400,1308800,0.002436936,409
7,6116,700,4892800,0.001232692,873.7142857
0,0,0.00E+00,0.00E+00,0,0
0,0,0.00E+00,0.00E+00,0,0
2,2984,200,2387200,0.000334024,1492
2,1572,200,1257600,0.000234008,786
1,1492,100,1193600,0.000476837,1492
0,0,0.00E+00,0.00E+00,0,0
3,1588,300,1270400,0.003078699,529.3333333
3,4476,300,3580800,0.000263691,1492
2,2238,200,1790400,0.000256062,1119
2,1540,200,1232000,0.000254989,770
4,4516,400,3612800,0.002080202,1129
3,3056,300,2444800,0.00024732,1018.666667
0,0,0.00E+00,0.00E+00,0,0
0,0,0.00E+00,0.00E+00,0,0
3,3048,300,2438400,0.000267029,1016
0,0,0.00E+00,0.00E+00,0,0
2,80,200,64000,0.000361562,40
1,576,100,460800,0.009847164,576
0,0,0.00E+00,0.00E+00,0,0
0,0,0.00E+00,0.00E+00,0,0
0,0,0.00E+00,0.00E+00,0,0
4,4911,400,3928800,0.000173986,1227.75
3,1580,300,1264000,0.00055337,526.6666667
3,4476,300,3580800,0.000309626,1492
0,0,0.00E+00,0.00E+00,0,0
1,40,100,32000,0.000371933,40
0,0,0.00E+00,0.00E+00,0,0
0,0,0.00E+00,0.00E+00,0,0
0,0,0.00E+00,0.00E+00,0,0
3,3064,300,2451200,0.000255346,1021.333333
0,0,0.00E+00,0.00E+00,0,0
0,0,0.00E+00,0.00E+00,0,0
0,0,0.00E+00,0.00E+00,0,0
1,40,100,32000,0.000231981,40
4,3080,400,2464000,0.000448227,770
0,0,0.00E+00,0.00E+00,0,0
1,40,100,32000,0.000267982,40
0,0,0.00E+00,0.00E+00,0,0
0,0,0.00E+00,0.00E+00,0,0
0,0,0.00E+00,0.00E+00,0,0
8,9417,800,7533600,0.000140011,1177.125
0,0,0.00E+00,0.00E+00,0,0
1,40,100,32000,0.000393867,40
0,0,0.00E+00,0.00E+00,0,0
0,0,0.00E+00,0.00E+00,0,0
0,0,0.00E+00,0.00E+00,0,0
0,0,0.00E+00,0.00E+00,0,0
2,616,200,492800,0.00451088,308
0,0,0.00E+00,0.00E+00,0,0
10,7712,1000,6169600,0.000638199,771.2
5,4592,500,3673600,0.000177622,918.4
1,52,100,41600,0.000230074,52
1,52,100,41600,0.00018692,52
1,52,100,41600,0.000433922,52
1,52,100,41600,0.000326157,52
1,52,100,41600,0.000295877,52
2,92,200,73600,0.001646042,46
1,40,100,32000,0.000993967,40
0,0,0.00E+00,0.00E+00,0,0
4,1974,400,1579200,0.002152026,493.5
0,0,0.00E+00,0.00E+00,0,0
6,7548,600,6038400,0.000111341,1258
0,0,0.00E+00,0.00E+00,0,0
0,0,0.00E+00,0.00E+00,0,0
0,0,0.00E+00,0.00E+00,0,0
1,40,100,32000,0.000231028,40
0,0,0.00E+00,0.00E+00,0,0
1,40,100,32000,0.000241995,40
0,0,0.00E+00,0.00E+00,0,0
0,0,0.00E+00,0.00E+00,0,0
0,0,0.00E+00,0.00E+00,0,0
1,40,100,32000,0.002083063,40
4,4540,400,3632000,0.000216722,1135
1,48,100,38400,9.54E-07,48
1,377,100,301600,0.000463963,377
0,0,0.00E+00,0.00E+00,0,0
1,40,100,32000,0.000369072,40
0,0,0.00E+00,0.00E+00,0,0
0,0,0.00E+00,0.00E+00,0,0
1,40,100,32000,0.007516861,40
1,40,100,32000,0.000536919,40
0,0,0.00E+00,0.00E+00,0,0
2,616,200,492800,0.003424525,308
0,0,0.00E+00,0.00E+00,0,0
0,0,0.00E+00,0.00E+00,0,0
0,0,0.00E+00,0.00E+00,0,0
0,0,0.00E+00,0.00E+00,0,0
0,0,0.00E+00,0.00E+00,0,0
0,0,0.00E+00,0.00E+00,0,0
0,0,0.00E+00,0.00E+00,0,0
1,40,100,32000,0.000191212,40
0,0,0.00E+00,0.00E+00,0,0
0,0,0.00E+00,0.00E+00,0,0
1,52,100,41600,0.00049305,52
1,60,100,48000,0.000481844,60
1,60,100,48000,0.000362873,60
1,60,100,48000,0.000487804,60
1,60,100,48000,0.000227928,60
2,276,200,220800,0.002848506,138
1,52,100,41600,0.000286102,52
1,52,100,41600,0.000558138,52
1,52,100,41600,0.000464916,52
1,52,100,41600,0.000435114,52
2,97,200,77600,0.000408411,48.5
9,10588,900,8470400,8.10093E-05,1176.444444
0,0,0.00E+00,0.00E+00,0,0
0,0,0.00E+00,0.00E+00,0,0
0,0,0.00E+00,0.00E+00,0,0
0,0,0.00E+00,0.00E+00,0,0
0,0,0.00E+00,0.00E+00,0,0
2,80,200,64000,0.003625989,40
4,4540,400,3632000,0.000157237,1135
0,0,0.00E+00,0.00E+00,0,0
0,0,0.00E+00,0.00E+00,0,0
1,40,100,32000,0.000454903,40
5,3140,500,2512000,0.001182032,628
0,0,0.00E+00,0.00E+00,0,0
2,616,200,492800,0.00473094,308
5,7460,500,5968000,0.000213814,1492
0,0,0.00E+00,0.00E+00,0,0
1,40,100,32000,0.000343084,40
2,1580,200,1264000,0.000226498,790
0,0,0.00E+00,0.00E+00,0,0
0,0,0.00E+00,0.00E+00,0,0
0,0,0.00E+00,0.00E+00,0,0
1,40,100,32000,0.000240088,40
0,0,0.00E+00,0.00E+00,0,0
0,0,0.00E+00,0.00E+00,0,0
0,0,0.00E+00,0.00E+00,0,0
6,7540,600,6032000,0.000825365,1256.666667
0,0,0.00E+00,0.00E+00,0,0
0,0,0.00E+00,0.00E+00,0,0
1,40,100,32000,0.000444174,40
0,0,0.00E+00,0.00E+00,0,0
6,4628,600,3702400,0.000910004,771.3333333
3,3040,300,2432000,0.000239293,1013.333333
0,0,0.00E+00,0.00E+00,0,0
1,40,100,32000,0.000522137,40
0,0,0.00E+00,0.00E+00,0,0
0,0,0.00E+00,0.00E+00,0,0
2,616,200,492800,0.004871964,308
0,0,0.00E+00,0.00E+00,0,0
6,7540,600,6032000,0.000182708,1256.666667
0,0,0.00E+00,0.00E+00,0,0
1,1051,100,840800,0.000519753,1051
0,0,0.00E+00,0.00E+00,0,0
0,0,0.00E+00,0.00E+00,0,0
0,0,0.00E+00,0.00E+00,0,0
2,616,200,492800,0.00438261,308
1,40,100,32000,0.000208855,40
0,0,0.00E+00,0.00E+00,0,0
1,1492,100,1193600,0.000335932,1492
3,3040,300,2432000,0.000218948,1013.333333
0,0,0.00E+00,0.00E+00,0,0
3,4476,300,3580800,0.000279029,1492
0,0,0.00E+00,0.00E+00,0,0
0,0,0.00E+00,0.00E+00,0,0
1,1492,100,1193600,0.0004251,1492
3,4476,300,3580800,0.00026226,1492
0,0,0.00E+00,0.00E+00,0,0
0,0,0.00E+00,0.00E+00,0,0
0,0,0.00E+00,0.00E+00,0,0
2,2984,200,2387200,0.000267982,1492
3,3080,300,2464000,0.000163635,1026.666667
4,4869,400,3895200,0.000226974,1217.25
0,0,0.00E+00,0.00E+00,0,0
2,2984,200,2387200,0.000280499,1492
1,1492,100,1193600,0.000598192,1492
1,1492,100,1193600,0.00059104,1492
1,1492,100,1193600,0.000491858,1492
1,1492,100,1193600,0.000758886,1492
0,0,0.00E+00,0.00E+00,0,0
0,0,0.00E+00,0.00E+00,0,0
2,468,200,374400,0.004202604,234
1,40,100,32000,0.000285149,40
2,468,200,374400,0.003753543,234
0,0,0.00E+00,0.00E+00,0,0
0,0,0.00E+00,0.00E+00,0,0
1,1492,100,1193600,0.000379086,1492
0,0,0.00E+00,0.00E+00,0,0
1,40,100,32000,0.000175953,40
0,0,0.00E+00,0.00E+00,0,0
1,40,100,32000,0.000597954,40
0,0,0.00E+00,0.00E+00,0,0
1,40,100,32000,0.000226021,40
0,0,0.00E+00,0.00E+00,0,0
0,0,0.00E+00,0.00E+00,0,0
1,1492,100,1193600,0.000521898,1492
1,1492,100,1193600,0.000401974,1492
0,0,0.00E+00,0.00E+00,0,0
1,40,100,32000,0.000539064,40
0,0,0.00E+00,0.00E+00,0,0
2,616,200,492800,0.003883481,308
1,40,100,32000,0.00059104,40
1,1492,100,1193600,0.000313044,1492
1,1492,100,1193600,0.000450134,1492
0,0,0.00E+00,0.00E+00,0,0
1,40,100,32000,0.000414133,40
0,0,0.00E+00,0.00E+00,0,0
1,40,100,32000,0.000422716,40
0,0,0.00E+00,0.00E+00,0,0
1,40,100,32000,0.000388145,40
0,0,0.00E+00,0.00E+00,0,0
0,0,0.00E+00,0.00E+00,0,0
1,1492,100,1193600,0.000646114,1492
2,2984,200,2387200,0.000296474,1492
2,616,200,492800,0.00432241,308
0,0,0.00E+00,0.00E+00,0,0
1,40,100,32000,0.000596046,40
0,0,0.00E+00,0.00E+00,0,0
1,40,100,32000,0.000175953,40
0,0,0.00E+00,0.00E+00,0,0
1,40,100,32000,0.000535011,40
2,2984,200,2387200,0.000437498,1492
1,1492,100,1193600,0.000761271,1492
0,0,0.00E+00,0.00E+00,0,0
0,0,0.00E+00,0.00E+00,0,0
0,0,0.00E+00,0.00E+00,0,0
1,40,100,32000,0.000295877,40
2,616,200,492800,0.004520535,308
0,0,0.00E+00,0.00E+00,0,0
1,40,100,32000,0.000326157,40
2,2984,200,2387200,0.000329018,1492
2,2984,200,2387200,0.000227928,1492
0,0,0.00E+00,0.00E+00,0,0
0,0,0.00E+00,0.00E+00,0,0
0,0,0.00E+00,0.00E+00,0,0
1,40,100,32000,0.000332117,40
2,616,200,492800,0.003520012,308
0,0,0.00E+00,0.00E+00,0,0
1,40,100,32000,0.000341892,40
0,0,0.00E+00,0.00E+00,0,0
1,40,100,32000,0.000311852,40
2,1700,200,1360000,0.000301957,850
3,3036,300,2428800,0.000627359,1012
1,48,100,38400,0.000401974,48
0,0,0.00E+00,0.00E+00,0,0
1,40,100,32000,0.000435829,40
0,0,0.00E+00,0.00E+00,0,0
0,0,0.00E+00,0.00E+00,0,0
1,52,100,41600,0.000305176,52
3,3024,300,2419200,0.001562436,1008
0,0,0.00E+00,0.00E+00,0,0
2,2984,200,2387200,0.000254512,1492
0,0,0.00E+00,0.00E+00,0,0
0,0,0.00E+00,0.00E+00,0,0
3,3036,300,2428800,0.002499342,1012
2,2984,200,2387200,0.000291586,1492
0,0,0.00E+00,0.00E+00,0,0
2,2984,200,2387200,0.00039351,1492
3,3104,300,2483200,0.000203053,1034.666667
2,2984,200,2387200,0.000302911,1492
1,1492,100,1193600,0.000399828,1492
3,3072,300,2457600,0.000181913,1024
1,57,100,45600,0.005324125,57
0,0,0.00E+00,0.00E+00,0,0
0,0,0.00E+00,0.00E+00,0,0
4,5968,400,4774400,0.000228465,1492
4,3112,400,2489600,0.000368237,778
0,0,0.00E+00,0.00E+00,0,0
2,1540,200,1232000,0.000337005,770
0,0,0.00E+00,0.00E+00,0,0
3,1588,300,1270400,0.000137011,529.3333333
3,1588,300,1270400,6.36E-07,529.3333333
3,1606,300,1284800,0.001700958,535.3333333
2,1540,200,1232000,0.000293016,770
6,3160,600,2528000,0.001509031,526.6666667
3,3032,300,2425600,0.000130018,1010.666667
0,0,0.00E+00,0.00E+00,0,0
3,1580,300,1264000,0.00113368,526.6666667
0,0,0.00E+00,0.00E+00,0,0
1,48,100,38400,9.54E-07,48
0,0,0.00E+00,0.00E+00,0,0
3,1588,300,1270400,3.01997E-06,529.3333333
0,0,0.00E+00,0.00E+00,0,0
1,48,100,38400,3.75E-19,48
2,1540,200,1232000,0.00028646,770
2,1540,200,1232000,0.000189066,770
1,57,100,45600,0.001828194,57
0,0,0.00E+00,0.00E+00,0,0
3,1588,300,1270400,1.98682E-06,529.3333333
0,0,0.00E+00,0.00E+00,0,0
0,0,0.00E+00,0.00E+00,0,0
3,1588,300,1270400,0.000133673,529.3333333
0,0,0.00E+00,0.00E+00,0,0
1,48,100,38400,9.54E-07,48
2,1540,200,1232000,0.000346065,770
2,1540,200,1232000,0.000315905,770
0,0,0.00E+00,0.00E+00,0,0
1,48,100,38400,9.54E-07,48
3,1580,300,1264000,0.000760635,526.6666667
4,3080,400,2464000,0.001757503,770
3,1597,300,1277600,0.001238346,532.3333333
0,0,0.00E+00,0.00E+00,0,0
0,0,0.00E+00,0.00E+00,0,0
1,48,100,38400,9.54E-07,48
2,1540,200,1232000,0.000227928,770
2,80,200,64000,0.001467466,40
1,48,100,38400,9.54E-07,48
1,48,100,38400,9.54E-07,48
1,48,100,38400,9.54E-07,48
5,3120,500,2496000,0.001952219,624
0,0,0.00E+00,0.00E+00,0,0
1,48,100,38400,1.19209E-06,48
1,52,100,41600,0.003164053,52
1,48,100,38400,0.000254869,48
1,60,100,48000,0.000697851,60
0,0,0.00E+00,0.00E+00,0,0
2,1540,200,1232000,0.000260353,770
0,0,0.00E+00,0.00E+00,0,0
0,0,0.00E+00,0.00E+00,0,0
4,3092,400,2473600,0.000818968,773
2,100,200,80000,0.000775576,50
1,1492,100,1193600,0.000384092,1492
2,1540,200,1232000,0.000321984,770
3,1588,300,1270400,0.000192642,529.3333333
2,2984,200,2387200,0.000350595,1492
0,0,0.00E+00,0.00E+00,0,0
0,0,0.00E+00,0.00E+00,0,0
2,2984,200,2387200,0.000282407,1492
2,2984,200,2387200,0.000343919,1492
2,2984,200,2387200,0.000305891,1492
3,4476,300,3580800,0.000207345,1492
2,2984,200,2387200,0.000434518,1492
1,1492,100,1193600,0.000418901,1492
2,2984,200,2387200,0.000300407,1492
1,350,100,280000,0.000207901,350
1,1492,100,1193600,0.000354052,1492
0,0,0.00E+00,0.00E+00,0,0
0,0,0.00E+00,0.00E+00,0,0
0,0,0.00E+00,0.00E+00,0,0
0,0,0.00E+00,0.00E+00,0,0
3,3040,300,2432000,0.000209014,1013.333333
0,0,0.00E+00,0.00E+00,0,0
0,0,0.00E+00,0.00E+00,0,0
2,2984,200,2387200,0.000280976,1492
0,0,0.00E+00,0.00E+00,0,0
0,0,0.00E+00,0.00E+00,0,0
2,2984,200,2387200,0.000331998,1492
0,0,0.00E+00,0.00E+00,0,0
2,2984,200,2387200,0.000231504,1492
2,1580,200,1264000,0.000157952,790
3,3040,300,2432000,0.000233014,1013.333333
2,1899,200,1519200,0.000221491,949.5
0,0,0.00E+00,0.00E+00,0,0
0,0,0.00E+00,0.00E+00,0,0
0,0,0.00E+00,0.00E+00,0,0
0,0,0.00E+00,0.00E+00,0,0
3,4476,300,3580800,0.00010999,1492
1,52,100,41600,0.003507137,52
0,0,0.00E+00,0.00E+00,0,0
0,0,0.00E+00,0.00E+00,0,0
0,0,0.00E+00,0.00E+00,0,0
2,2984,200,2387200,0.000309944,1492
3,3088,300,2470400,0.000235717,1029.333333
4,4540,400,3632000,0.000200689,1135
0,0,0.00E+00,0.00E+00,0,0
5,6008,500,4806400,0.000430393,1201.6
0,0,0.00E+00,0.00E+00,0,0
5,4573,500,3658400,0.000932407,914.6
0,0,0.00E+00,0.00E+00,0,0
2,2984,200,2387200,0.000383496,1492
2,468,200,374400,0.003342032,234
0,0,0.00E+00,0.00E+00,0,0
1,40,100,32000,0.000216007,40
0,0,0.00E+00,0.00E+00,0,0
2,616,200,492800,0.004428029,308
1,40,100,32000,0.000285149,40
0,0,0.00E+00,0.00E+00,0,0
0,0,0.00E+00,0.00E+00,0,0
0,0,0.00E+00,0.00E+00,0,0
1,40,100,32000,0.000321865,40
3,3104,300,2483200,0.00032107,1034.666667
2,2068,200,1654400,0.004135489,1034
1,40,100,32000,0.000218868,40
0,0,0.00E+00,0.00E+00,0,0
1,40,100,32000,0.000204802,40
0,0,0.00E+00,0.00E+00,0,0
1,40,100,32000,0.000218868,40
0,0,0.00E+00,0.00E+00,0,0
1,40,100,32000,0.000261784,40
0,0,0.00E+00,0.00E+00,0,0
0,0,0.00E+00,0.00E+00,0,0
1,1492,100,1193600,0.000485897,1492
0,0,0.00E+00,0.00E+00,0,0
1,40,100,32000,0.000204325,40
2,2984,200,2387200,0.000234485,1492
1,1492,100,1193600,0.000556946,1492
1,1492,100,1193600,0.000442982,1492
2,264,200,211200,0.004807591,132
0,0,0.00E+00,0.00E+00,0,0
1,40,100,32000,0.000249863,40
0,0,0.00E+00,0.00E+00,0,0
1,40,100,32000,0.000316858,40
0,0,0.00E+00,0.00E+00,0,0
2,286,200,228800,0.003595948,143
0,0,0.00E+00,0.00E+00,0,0
2,120,200,96000,0.002183557,60
2,2984,200,2387200,0.000239968,1492
1,1492,100,1193600,0.000529051,1492
0,0,0.00E+00,0.00E+00,0,0
0,0,0.00E+00,0.00E+00,0,0
3,3024,300,2419200,0.001667341,1008
2,1580,200,1264000,0.000178456,790
0,0,0.00E+00,0.00E+00,0,0
0,0,0.00E+00,0.00E+00,0,0
5,6040,500,4832000,0.000176382,1208
3,4476,300,3580800,0.000243266,1492
4,3104,400,2483200,0.002076447,776
2,616,200,492800,0.00328064,308
0,0,0.00E+00,0.00E+00,0,0
0,0,0.00E+00,0.00E+00,0,0
0,0,0.00E+00,0.00E+00,0,0
2,468,200,374400,0.004056454,234
0,0,0.00E+00,0.00E+00,0,0
0,0,0.00E+00,0.00E+00,0,0
2,468,200,374400,0.00118351,234
0,0,0.00E+00,0.00E+00,0,0
3,3040,300,2432000,0.000229359,1013.333333
4,4528,400,3622400,0.000228226,1132
1,52,100,41600,0.000285864,52
1,52,100,41600,0.000251055,52
1,52,100,41600,0.000525951,52
1,52,100,41600,0.000333071,52
1,52,100,41600,0.000213861,52
1,52,100,41600,0.000368118,52
1,52,100,41600,0.000398159,52
1,52,100,41600,0.00023818,52
0,0,0.00E+00,0.00E+00,0,0
2,2984,200,2387200,0.000299454,1492
3,1596,300,1276800,0.0001297,532
0,0,0.00E+00,0.00E+00,0,0
0,0,0.00E+00,0.00E+00,0,0
2,480,200,384000,0.004600525,240
0,0,0.00E+00,0.00E+00,0,0
1,1492,100,1193600,0.000302076,1492
1,52,100,41600,0.000452757,52
1,52,100,41600,0.000386953,52
0,0,0.00E+00,0.00E+00,0,0
2,616,200,492800,0.004330397,308
1,1492,100,1193600,0.000542879,1492
0,0,0.00E+00,0.00E+00,0,0
1,40,100,32000,0.000221014,40
0,0,0.00E+00,0.00E+00,0,0
1,1492,100,1193600,0.000359058,1492
3,3072,300,2457600,0.000162999,1024
0,0,0.00E+00,0.00E+00,0,0
2,155,200,124000,0.002019048,77.5
0,0,0.00E+00,0.00E+00,0,0
0,0,0.00E+00,0.00E+00,0,0
0,0,0.00E+00,0.00E+00,0,0
2,2984,200,2387200,0.000285029,1492
2,2984,200,2387200,0.000365973,1492
0,0,0.00E+00,0.00E+00,0,0
0,0,0.00E+00,0.00E+00,0,0
0,0,0.00E+00,0.00E+00,0,0
1,40,100,32000,0.000381231,40
0,0,0.00E+00,0.00E+00,0,0
0,0,0.00E+00,0.00E+00,0,0
0,0,0.00E+00,0.00E+00,0,0
0,0,0.00E+00,0.00E+00,0,0
2,2984,200,2387200,0.000250936,1492
2,1580,200,1264000,0.000334024,790
0,0,0.00E+00,0.00E+00,0,0
3,4476,300,3580800,0.000239611,1492
1,1492,100,1193600,0.000682116,1492
2,2984,200,2387200,0.000312448,1492
2,2984,200,2387200,0.000253916,1492
0,0,0.00E+00,0.00E+00,0,0
1,40,100,32000,0.000556946,40
2,2984,200,2387200,0.000331044,1492
1,576,100,460800,0.009907007,576
0,0,0.00E+00,0.00E+00,0,0
2,2984,200,2387200,0.000281572,1492
0,0,0.00E+00,0.00E+00,0,0
1,40,100,32000,0.000442982,40
2,2984,200,2387200,0.000351429,1492
1,766,100,612800,0.00048995,766
0,0,0.00E+00,0.00E+00,0,0
1,40,100,32000,0.000261068,40
0,0,0.00E+00,0.00E+00,0,0
0,0,0.00E+00,0.00E+00,0,0
3,4476,300,3580800,0.000307719,1492
2,2068,200,1654400,0.004516482,1034
1,40,100,32000,0.000372171,40
4,3112,400,2489600,0.000769436,778
0,0,0.00E+00,0.00E+00,0,0
1,40,100,32000,0.000496149,40
0,0,0.00E+00,0.00E+00,0,0
1,40,100,32000,0.0004251,40
0,0,0.00E+00,0.00E+00,0,0
6,7540,600,6032000,0.000163515,1256.666667
0,0,0.00E+00,0.00E+00,0,0
0,0,0.00E+00,0.00E+00,0,0
0,0,0.00E+00,0.00E+00,0,0
1,40,100,32000,0.000325918,40
2,417,200,333600,0.001509905,208.5
0,0,0.00E+00,0.00E+00,0,0
0,0,0.00E+00,0.00E+00,0,0
1,576,100,460800,0.00988102,576
0,0,0.00E+00,0.00E+00,0,0
0,0,0.00E+00,0.00E+00,0,0
1,40,100,32000,0.000519037,40
0,0,0.00E+00,0.00E+00,0,0
0,0,0.00E+00,0.00E+00,0,0
0,0,0.00E+00,0.00E+00,0,0
1,40,100,32000,0.000237942,40
2,616,200,492800,0.004843831,308
1,57,100,45600,0.000640154,57
5,6040,500,4832000,0.000219059,1208
2,1548,200,1238400,4.77E-07,774
0,0,0.00E+00,0.00E+00,0,0
1,40,100,32000,0.000394821,40
0,0,0.00E+00,0.00E+00,0,0
1,40,100,32000,0.000359058,40
0,0,0.00E+00,0.00E+00,0,0
2,80,200,64000,0.000852466,40
4,4540,400,3632000,0.00028348,1135
0,0,0.00E+00,0.00E+00,0,0
2,1885,200,1508000,0.000213027,942.5
1,1492,100,1193600,0.000551939,1492
0,0,0.00E+00,0.00E+00,0,0
0,0,0.00E+00,0.00E+00,0,0
1,52,100,41600,0.000346899,52
1,52,100,41600,0.000507116,52
5,1680,500,1344000,0.000602818,336
0,0,0.00E+00,0.00E+00,0,0
2,116,200,92800,0.001672983,58
0,0,0.00E+00,0.00E+00,0,0
1,52,100,41600,0.000458956,52
0,0,0.00E+00,0.00E+00,0,0
2,104,200,83200,0.00022006,52
2,104,200,83200,0.000843883,52
3,4476,300,3580800,0.000315428,1492
1,52,100,41600,0.000319958,52
7,6100,700,4880000,0.000432866,871.4285714
2,156,200,124800,0.001775026,78
5,3176,500,2540800,0.001238012,635.2
1,377,100,301600,0.000359058,377
0,0,0.00E+00,0.00E+00,0,0
0,0,0.00E+00,0.00E+00,0,0
1,40,100,32000,0.00139308,40
1,40,100,32000,0.002893925,40
0,0,0.00E+00,0.00E+00,0,0
0,0,0.00E+00,0.00E+00,0,0
0,0,0.00E+00,0.00E+00,0,0
2,616,200,492800,0.004670978,308
0,0,0.00E+00,0.00E+00,0,0
0,0,0.00E+00,0.00E+00,0,0
1,40,100,32000,0.00029397,40
0,0,0.00E+00,0.00E+00,0,0
0,0,0.00E+00,0.00E+00,0,0
0,0,0.00E+00,0.00E+00,0,0
1,40,100,32000,0.000504017,40
1,57,100,45600,0.000789881,57
5,6048,500,4838400,0.000130558,1209.6
0,0,0.00E+00,0.00E+00,0,0
0,0,0.00E+00,0.00E+00,0,0
0,0,0.00E+00,0.00E+00,0,0
1,52,100,41600,0.000482798,52
2,2984,200,2387200,0.000232816,1492
3,1596,300,1276800,0.001163324,532
3,1608,300,1286400,0.000196377,536
1,52,100,41600,0.000462055,52
1,52,100,41600,0.000226021,52
3,1584,300,1267200,0.001748323,528
5,3140,500,2512000,0.000493002,628
1,40,100,32000,0.000565052,40
0,0,0.00E+00,0.00E+00,0,0
4,4516,400,3612800,0.002052963,1129
1,1492,100,1193600,0.000458002,1492
1,1492,100,1193600,0.000610828,1492
0,0,0.00E+00,0.00E+00,0,0
1,40,100,32000,0.000188828,40
4,3124,400,2499200,0.001979053,781
0,0,0.00E+00,0.00E+00,0,0
0,0,0.00E+00,0.00E+00,0,0
0,0,0.00E+00,0.00E+00,0,0
1,40,100,32000,0.000225067,40
1,52,100,41600,0.002341032,52
0,0,0.00E+00,0.00E+00,0,0
0,0,0.00E+00,0.00E+00,0,0
1,40,100,32000,0.000210285,40
0,0,0.00E+00,0.00E+00,0,0
0,0,0.00E+00,0.00E+00,0,0
0,0,0.00E+00,0.00E+00,0,0
0,0,0.00E+00,0.00E+00,0,0
1,40,100,32000,0.000483036,40
0,0,0.00E+00,0.00E+00,0,0
0,0,0.00E+00,0.00E+00,0,0
0,0,0.00E+00,0.00E+00,0,0
0,0,0.00E+00,0.00E+00,0,0
2,2984,200,2387200,0.000309944,1492
0,0,0.00E+00,0.00E+00,0,0
1,40,100,32000,0.000398874,40
1,1492,100,1193600,0.000432968,1492
0,0,0.00E+00,0.00E+00,0,0
0,0,0.00E+00,0.00E+00,0,0
1,1492,100,1193600,0.000550032,1492
2,616,200,492800,0.002839088,308
0,0,0.00E+00,0.00E+00,0,0
2,2246,200,1796800,0.000288486,1123
1,57,100,45600,0.000389099,57
2,2984,200,2387200,0.004862547,1492
0,0,0.00E+00,0.00E+00,0,0
0,0,0.00E+00,0.00E+00,0,0
0,0,0.00E+00,0.00E+00,0,0
1,1492,100,1193600,0.000539064,1492
0,0,0.00E+00,0.00E+00,0,0
1,1492,100,1193600,0.000576973,1492
2,2984,200,2387200,0.000238061,1492
0,0,0.00E+00,0.00E+00,0,0
1,40,100,32000,0.000296116,40
1,1492,100,1193600,0.000589848,1492
0,0,0.00E+00,0.00E+00,0,0
2,1596,200,1276800,0.00021863,798
0,0,0.00E+00,0.00E+00,0,0
0,0,0.00E+00,0.00E+00,0,0
0,0,0.00E+00,0.00E+00,0,0
4,4540,400,3632000,0.000174224,1135
0,0,0.00E+00,0.00E+00,0,0
1,40,100,32000,0.000218868,40
0,0,0.00E+00,0.00E+00,0,0
1,40,100,32000,0.000452042,40
1,40,100,32000,0.009216785,40
2,953,200,762400,0.004914641,476.5
0,0,0.00E+00,0.00E+00,0,0
1,40,100,32000,0.002120972,40
0,0,0.00E+00,0.00E+00,0,0
0,0,0.00E+00,0.00E+00,0,0
1,40,100,32000,0.000470161,40
0,0,0.00E+00,0.00E+00,0,0
1,40,100,32000,0.000459194,40
0,0,0.00E+00,0.00E+00,0,0
1,40,100,32000,0.000476122,40
0,0,0.00E+00,0.00E+00,0,0
0,0,0.00E+00,0.00E+00,0,0
0,0,0.00E+00,0.00E+00,0,0
1,40,100,32000,0.000180721,40
0,0,0.00E+00,0.00E+00,0,0
1,40,100,32000,0.000343084,40
1,74,100,59200,0.000720024,74
5,6048,500,4838400,7.20024E-05,1209.6
0,0,0.00E+00,0.00E+00,0,0
4,3088,400,2470400,0.00079751,772
0,0,0.00E+00,0.00E+00,0,0
1,40,100,32000,0.000509977,40
0,0,0.00E+00,0.00E+00,0,0
1,40,100,32000,0.000328064,40
2,468,200,374400,0.004622459,234
0,0,0.00E+00,0.00E+00,0,0
2,616,200,492800,0.004377961,308
3,1596,300,1276800,0.00146699,532
0,0,0.00E+00,0.00E+00,0,0
0,0,0.00E+00,0.00E+00,0,0
0,0,0.00E+00,0.00E+00,0,0
1,40,100,32000,0.000420809,40
0,0,0.00E+00,0.00E+00,0,0
1,40,100,32000,0.000550985,40
0,0,0.00E+00,0.00E+00,0,0
1,40,100,32000,0.000313997,40
0,0,0.00E+00,0.00E+00,0,0
0,0,0.00E+00,0.00E+00,0,0
0,0,0.00E+00,0.00E+00,0,0
1,40,100,32000,0.000372171,40
0,0,0.00E+00,0.00E+00,0,0
1,40,100,32000,0.000465155,40
0,0,0.00E+00,0.00E+00,0,0
1,40,100,32000,0.000509977,40
0,0,0.00E+00,0.00E+00,0,0
0,0,0.00E+00,0.00E+00,0,0
0,0,0.00E+00,0.00E+00,0,0
1,40,100,32000,0.000558138,40
0,0,0.00E+00,0.00E+00,0,0
1,40,100,32000,0.000417948,40
0,0,0.00E+00,0.00E+00,0,0
1,40,100,32000,0.000478983,40
0,0,0.00E+00,0.00E+00,0,0
1,40,100,32000,0.000465155,40
0,0,0.00E+00,0.00E+00,0,0
0,0,0.00E+00,0.00E+00,0,0
2,616,200,492800,0.004872561,308
1,40,100,32000,0.000239134,40
0,0,0.00E+00,0.00E+00,0,0
1,40,100,32000,0.000385046,40
0,0,0.00E+00,0.00E+00,0,0
1,40,100,32000,0.000231028,40
0,0,0.00E+00,0.00E+00,0,0
0,0,0.00E+00,0.00E+00,0,0
0,0,0.00E+00,0.00E+00,0,0
1,40,100,32000,0.000302076,40
0,0,0.00E+00,0.00E+00,0,0
1,40,100,32000,0.000468969,40
0,0,0.00E+00,0.00E+00,0,0
1,40,100,32000,0.000432014,40
0,0,0.00E+00,0.00E+00,0,0
1,40,100,32000,0.000341177,40
0,0,0.00E+00,0.00E+00,0,0
1,40,100,32000,0.000388145,40
2,616,200,492800,0.00276351,308
0,0,0.00E+00,0.00E+00,0,0
0,0,0.00E+00,0.00E+00,0,0
0,0,0.00E+00,0.00E+00,0,0
1,40,100,32000,0.000370979,40
0,0,0.00E+00,0.00E+00,0,0
1,40,100,32000,0.000383139,40
0,0,0.00E+00,0.00E+00,0,0
1,40,100,32000,0.000293016,40
0,0,0.00E+00,0.00E+00,0,0
1,40,100,32000,0.000413179,40
2,86,200,68800,0.000766039,43
0,0,0.00E+00,0.00E+00,0,0
0,0,0.00E+00,0.00E+00,0,0
0,0,0.00E+00,0.00E+00,0,0
2,1556,200,1244800,0.000302553,778
0,0,0.00E+00,0.00E+00,0,0
1,1492,100,1193600,0.00050807,1492
0,0,0.00E+00,0.00E+00,0,0
2,2984,200,2387200,0.000244498,1492
2,2984,200,2387200,0.00028801,1492
2,2984,200,2387200,0.000365973,1492
0,0,0.00E+00,0.00E+00,0,0
0,0,0.00E+00,0.00E+00,0,0
3,3120,300,2496000,0.000217358,1040
3,4476,300,3580800,0.000324408,1492
0,0,0.00E+00,0.00E+00,0,0
5,6008,500,4806400,0.000417566,1201.6
5,4636,500,3708800,0.000781584,927.2
0,0,0.00E+00,0.00E+00,0,0
0,0,0.00E+00,0.00E+00,0,0
0,0,0.00E+00,0.00E+00,0,0
4,3097,400,2477600,0.000868499,774.25
2,2984,200,2387200,9.54E-07,1492
4,3096,400,2476800,0.002487779,774
3,1588,300,1270400,0.000916402,529.3333333
8,7637,800,6109600,0.00064528,954.625
0,0,0.00E+00,0.00E+00,0,0
10,9107,1000,7285600,0.000756383,910.7
1,40,100,32000,0.001932859,40
9,10580,900,8464000,0.0008071,1175.555556
0,0,0.00E+00,0.00E+00,0,0
6,1752,600,1401600,0.001411478,292
0,0,0.00E+00,0.00E+00,0,0
3,3040,300,2432000,0.000276089,1013.333333
1,416,100,332800,0.000395775,416
0,0,0.00E+00,0.00E+00,0,0
0,0,0.00E+00,0.00E+00,0,0
1,57,100,45600,0.000437975,57
0,0,0.00E+00,0.00E+00,0,0
0,0,0.00E+00,0.00E+00,0,0
1,40,100,32000,0.000328064,40
0,0,0.00E+00,0.00E+00,0,0
0,0,0.00E+00,0.00E+00,0,0
0,0,0.00E+00,0.00E+00,0,0
2,468,200,374400,0.004004002,234
1,40,100,32000,0.000619173,40
1,428,100,342400,0.009851933,428
0,0,0.00E+00,0.00E+00,0,0
0,0,0.00E+00,0.00E+00,0,0
1,40,100,32000,0.000364065,40
0,0,0.00E+00,0.00E+00,0,0
1,40,100,32000,0.000472069,40
0,0,0.00E+00,0.00E+00,0,0
0,0,0.00E+00,0.00E+00,0,0
0,0,0.00E+00,0.00E+00,0,0
1,40,100,32000,0.000222921,40
0,0,0.00E+00,0.00E+00,0,0
1,40,100,32000,0.000314951,40
0,0,0.00E+00,0.00E+00,0,0
2,616,200,492800,0.004191995,308
1,40,100,32000,0.000576019,40
0,0,0.00E+00,0.00E+00,0,0
1,40,100,32000,0.000499964,40
0,0,0.00E+00,0.00E+00,0,0
1,40,100,32000,0.000297785,40
0,0,0.00E+00,0.00E+00,0,0
1,40,100,32000,0.000280857,40
0,0,0.00E+00,0.00E+00,0,0
1,40,100,32000,0.000462055,40
3,362,300,289600,0.001683076,120.6666667
0,0,0.00E+00,0.00E+00,0,0
1,40,100,32000,0.000499964,40
0,0,0.00E+00,0.00E+00,0,0
0,0,0.00E+00,0.00E+00,0,0
1,40,100,32000,0.000494957,40
0,0,0.00E+00,0.00E+00,0,0
1,40,100,32000,0.000384092,40
0,0,0.00E+00,0.00E+00,0,0
0,0,0.00E+00,0.00E+00,0,0
0,0,0.00E+00,0.00E+00,0,0
0,0,0.00E+00,0.00E+00,0,0
2,616,200,492800,0.002481461,308
1,40,100,32000,0.000403881,40
0,0,0.00E+00,0.00E+00,0,0
0,0,0.00E+00,0.00E+00,0,0
0,0,0.00E+00,0.00E+00,0,0
0,0,0.00E+00,0.00E+00,0,0
1,40,100,32000,0.000585079,40
0,0,0.00E+00,0.00E+00,0,0
1,40,100,32000,0.000231028,40
0,0,0.00E+00,0.00E+00,0,0
1,40,100,32000,0.000243902,40
0,0,0.00E+00,0.00E+00,0,0
0,0,0.00E+00,0.00E+00,0,0
0,0,0.00E+00,0.00E+00,0,0
1,40,100,32000,0.000308037,40
0,0,0.00E+00,0.00E+00,0,0
1,40,100,32000,0.000352859,40
0,0,0.00E+00,0.00E+00,0,0
1,40,100,32000,0.000235081,40
0,0,0.00E+00,0.00E+00,0,0
0,0,0.00E+00,0.00E+00,0,0
0,0,0.00E+00,0.00E+00,0,0
1,40,100,32000,0.000430822,40
2,616,200,492800,0.004224062,308
1,576,100,460800,0.009936094,576
1,396,100,316800,0.009077072,396
2,2984,200,2387200,0.000179529,1492
0,0,0.00E+00,0.00E+00,0,0
2,2984,200,2387200,0.000324488,1492
3,3072,300,2457600,0.000257333,1024
1,1492,100,1193600,0.00057888,1492
2,2984,200,2387200,0.000326991,1492
5,4949,500,3959200,0.000818396,989.8
6,6065,600,4852000,0.001242002,1010.833333
6,4668,600,3734400,0.001360019,778
0,0,0.00E+00,0.00E+00,0,0
0,0,0.00E+00,0.00E+00,0,0
2,2984,200,2387200,0.000308037,1492
3,4476,300,3580800,0.000277599,1492
0,0,0.00E+00,0.00E+00,0,0
0,0,0.00E+00,0.00E+00,0,0
2,2984,200,2387200,0.000265002,1492
1,1492,100,1193600,0.000543118,1492
1,1492,100,1193600,0.00051403,1492
1,417,100,333600,0.000396967,417
2,1949,200,1559200,0.000210524,974.5
0,0,0.00E+00,0.00E+00,0,0
3,2659,300,2127200,0.000631968,886.3333333
3,3024,300,2419200,0.000863234,1008
2,2984,200,2387200,0.000225902,1492
2,2984,200,2387200,0.000386,1492
0,0,0.00E+00,0.00E+00,0,0
0,0,0.00E+00,0.00E+00,0,0
3,4476,300,3580800,0.000222365,1492
0,0,0.00E+00,0.00E+00,0,0
0,0,0.00E+00,0.00E+00,0,0
2,2984,200,2387200,0.000272393,1492
1,1492,100,1193600,0.000501156,1492
0,0,0.00E+00,0.00E+00,0,0
0,0,0.00E+00,0.00E+00,0,0
1,1492,100,1193600,0.000407934,1492
0,0,0.00E+00,0.00E+00,0,0
2,2984,200,2387200,0.000329018,1492
2,2984,200,2387200,0.0002985,1492
4,3858,400,3086400,0.000387311,964.5
1,1492,100,1193600,0.000535011,1492
1,1492,100,1193600,0.000282049,1492
5,4588,500,3670400,0.000701046,917.6
0,0,0.00E+00,0.00E+00,0,0
1,1492,100,1193600,0.000491142,1492
0,0,0.00E+00,0.00E+00,0,0
2,468,200,374400,0.004253507,234
1,40,100,32000,0.000272036,40
2,468,200,374400,0.004235387,234
2,2984,200,2387200,0.000367165,1492
0,0,0.00E+00,0.00E+00,0,0
0,0,0.00E+00,0.00E+00,0,0
2,468,200,374400,0.00383842,234
0,0,0.00E+00,0.00E+00,0,0
0,0,0.00E+00,0.00E+00,0,0
0,0,0.00E+00,0.00E+00,0,0
1,1492,100,1193600,0.000525951,1492
0,0,0.00E+00,0.00E+00,0,0
1,40,100,32000,0.000434875,40
0,0,0.00E+00,0.00E+00,0,0
5,3152,500,2521600,0.001148796,630.4
0,0,0.00E+00,0.00E+00,0,0
1,40,100,32000,0.000344038,40
0,0,0.00E+00,0.00E+00,0,0
0,0,0.00E+00,0.00E+00,0,0
0,0,0.00E+00,0.00E+00,0,0
0,0,0.00E+00,0.00E+00,0,0
0,0,0.00E+00,0.00E+00,0,0
1,40,100,32000,0.000319004,40
0,0,0.00E+00,0.00E+00,0,0
1,40,100,32000,0.000437021,40
0,0,0.00E+00,0.00E+00,0,0
2,80,200,64000,0.00058496,40
4,5968,400,4774400,0.000252008,1492
0,0,0.00E+00,0.00E+00,0,0
2,616,200,492800,0.004685998,308
1,40,100,32000,0.000321865,40
0,0,0.00E+00,0.00E+00,0,0
1,40,100,32000,0.000257969,40
0,0,0.00E+00,0.00E+00,0,0
1,40,100,32000,0.000295877,40
0,0,0.00E+00,0.00E+00,0,0
1,40,100,32000,0.000400782,40
3,3036,300,2428800,0.000604232,1012
0,0,0.00E+00,0.00E+00,0,0
1,40,100,32000,0.000428915,40
0,0,0.00E+00,0.00E+00,0,0
1,40,100,32000,0.000278234,40
0,0,0.00E+00,0.00E+00,0,0
1,40,100,32000,0.000323057,40
0,0,0.00E+00,0.00E+00,0,0
1,40,100,32000,0.000299931,40
0,0,0.00E+00,0.00E+00,0,0
1,40,100,32000,0.000324965,40
0,0,0.00E+00,0.00E+00,0,0
4,1684,400,1347200,0.002384722,421
0,0,0.00E+00,0.00E+00,0,0
1,40,100,32000,0.000407934,40
0,0,0.00E+00,0.00E+00,0,0
1,40,100,32000,0.000448942,40
0,0,0.00E+00,0.00E+00,0,0
1,40,100,32000,0.000340939,40
0,0,0.00E+00,0.00E+00,0,0
1,40,100,32000,0.000306129,40
0,0,0.00E+00,0.00E+00,0,0
1,40,100,32000,0.000559092,40
0,0,0.00E+00,0.00E+00,0,0
0,0,0.00E+00,0.00E+00,0,0
1,576,100,460800,0.009759903,576
0,0,0.00E+00,0.00E+00,0,0
0,0,0.00E+00,0.00E+00,0,0
1,40,100,32000,0.000468969,40
2,108,200,86400,0.00239706,54
0,0,0.00E+00,0.00E+00,0,0
1,88,100,70400,0.000242949,88
3,4476,300,3580800,0.000220378,1492
2,2984,200,2387200,0.000311017,1492
5,5328,500,4262400,0.000161982,1065.6
3,3041,300,2432800,0.001027346,1013.666667
0,0,0.00E+00,0.00E+00,0,0
2,2984,200,2387200,0.000309467,1492
0,0,0.00E+00,0.00E+00,0,0
1,1492,100,1193600,0.000549078,1492
3,3080,300,2464000,0.00020504,1026.666667
0,0,0.00E+00,0.00E+00,0,0
0,0,0.00E+00,0.00E+00,0,0
0,0,0.00E+00,0.00E+00,0,0
7,7951,700,6360800,0.000132016,1135.857143
0,0,0.00E+00,0.00E+00,0,0
9,9120,900,7296000,0.000797113,1013.333333
0,0,0.00E+00,0.00E+00,0,0
0,0,0.00E+00,0.00E+00,0,0
1,57,100,45600,0.002814054,57
1,40,100,32000,0.002447844,40
0,0,0.00E+00,0.00E+00,0,0
3,3377,300,2701600,0.000279665,1125.666667
4,5968,400,4774400,0.000168264,1492
4,3137,400,2509600,0.000514209,784.25
0,0,0.00E+00,0.00E+00,0,0
1,40,100,32000,0.009729862,40
0,0,0.00E+00,0.00E+00,0,0
0,0,0.00E+00,0.00E+00,0,0
3,3040,300,2432000,0.000185013,1013.333333
6,6425,600,5140000,5.71807E-05,1070.833333
1,40,100,32000,0.009932041,40
4,1645,400,1316000,0.000736713,411.25
2,2984,200,2387200,0.000162482,1492
4,3104,400,2483200,0.000822783,776
0,0,0.00E+00,0.00E+00,0,0
2,1544,200,1235200,0.00175643,772
3,156,300,124800,0.003043016,52
3,3040,300,2432000,0.000288328,1013.333333
1,1492,100,1193600,0.000335932,1492
2,2984,200,2387200,0.000223041,1492
0,0,0.00E+00,0.00E+00,0,0
4,4572,400,3657600,0.000160754,1143
4,3088,400,2470400,0.000717461,772
0,0,0.00E+00,0.00E+00,0,0
0,0,0.00E+00,0.00E+00,0,0
0,0,0.00E+00,0.00E+00,0,0
2,2984,200,2387200,0.000334501,1492
1,40,100,32000,0.000326872,40
2,2984,200,2387200,0.000351071,1492
3,4476,300,3580800,0.000222286,1492
3,3770,300,3016000,0.000255028,1256.666667
1,1492,100,1193600,0.000503063,1492
3,3048,300,2438400,0.000190258,1016
3,3411,300,2728800,0.000281334,1137
3,3024,300,2419200,0.000488043,1008
3,3024,300,2419200,0.002603292,1008
1,1492,100,1193600,0.000324011,1492
1,1492,100,1193600,0.000434875,1492
0,0,0.00E+00,0.00E+00,0,0
0,0,0.00E+00,0.00E+00,0,0
2,2984,200,2387200,0.000234962,1492
2,1604,200,1283200,0.000218034,802
0,0,0.00E+00,0.00E+00,0,0
0,0,0.00E+00,0.00E+00,0,0
1,576,100,460800,0.002768993,576
0,0,0.00E+00,0.00E+00,0,0
0,0,0.00E+00,0.00E+00,0,0
0,0,0.00E+00,0.00E+00,0,0
3,3040,300,2432000,0.00017341,1013.333333
1,377,100,301600,0.000322104,377
0,0,0.00E+00,0.00E+00,0,0
1,40,100,32000,0.000450134,40
0,0,0.00E+00,0.00E+00,0,0
0,0,0.00E+00,0.00E+00,0,0
0,0,0.00E+00,0.00E+00,0,0
0,0,0.00E+00,0.00E+00,0,0
0,0,0.00E+00,0.00E+00,0,0
0,0,0.00E+00,0.00E+00,0,0
0,0,0.00E+00,0.00E+00,0,0
1,40,100,32000,0.000423908,40
1,45,100,36000,0.000485897,45
0,0,0.00E+00,0.00E+00,0,0
2,616,200,492800,0.003473043,308
0,0,0.00E+00,0.00E+00,0,0
0,0,0.00E+00,0.00E+00,0,0
0,0,0.00E+00,0.00E+00,0,0
2,616,200,492800,0.003335595,308
0,0,0.00E+00,0.00E+00,0,0
1,40,100,32000,0.000194073,40
0,0,0.00E+00,0.00E+00,0,0
1,40,100,32000,0.000311136,40
0,0,0.00E+00,0.00E+00,0,0
0,0,0.00E+00,0.00E+00,0,0
0,0,0.00E+00,0.00E+00,0,0
0,0,0.00E+00,0.00E+00,0,0
1,52,100,41600,0.000222206,52
1,52,100,41600,0.000276089,52
1,52,100,41600,0.00029397,52
1,52,100,41600,0.000414133,52
1,52,100,41600,0.000325918,52
0,0,0.00E+00,0.00E+00,0,0
1,52,100,41600,0.000498056,52
1,40,100,32000,0.000414133,40
1,40,100,32000,0.000253916,40
7,9032,700,7225600,9.61508E-05,1290.285714
0,0,0.00E+00,0.00E+00,0,0
0,0,0.00E+00,0.00E+00,0,0
0,0,0.00E+00,0.00E+00,0,0
0,0,0.00E+00,0.00E+00,0,0
1,40,100,32000,0.000407934,40
3,1589,300,1271200,0.000724316,529.6666667
6,7520,600,6016000,0.000614325,1253.333333
3,1661,300,1328800,0.002069712,553.6666667
0,0,0.00E+00,0.00E+00,0,0
0,0,0.00E+00,0.00E+00,0,0
0,0,0.00E+00,0.00E+00,0,0
0,0,0.00E+00,0.00E+00,0,0
0,0,0.00E+00,0.00E+00,0,0
1,40,100,32000,0.000295877,40
6,4596,600,3676800,0.001032472,766
0,0,0.00E+00,0.00E+00,0,0
0,0,0.00E+00,0.00E+00,0,0
1,1492,100,1193600,0.000534058,1492
0,0,0.00E+00,0.00E+00,0,0
2,616,200,492800,0.00486505,308
1,40,100,32000,0.000422955,40
1,109,100,87200,0.000187874,109
0,0,0.00E+00,0.00E+00,0,0
1,40,100,32000,0.00047183,40
2,616,200,492800,0.00293541,308
0,0,0.00E+00,0.00E+00,0,0
1,40,100,32000,0.000390053,40
0,0,0.00E+00,0.00E+00,0,0
1,40,100,32000,0.000321865,40
0,0,0.00E+00,0.00E+00,0,0
1,40,100,32000,0.000334978,40
0,0,0.00E+00,0.00E+00,0,0
1,40,100,32000,0.000472069,40
0,0,0.00E+00,0.00E+00,0,0
1,40,100,32000,0.00052619,40
0,0,0.00E+00,0.00E+00,0,0
0,0,0.00E+00,0.00E+00,0,0
1,576,100,460800,0.00971508,576
0,0,0.00E+00,0.00E+00,0,0
0,0,0.00E+00,0.00E+00,0,0
1,40,100,32000,0.000233173,40
0,0,0.00E+00,0.00E+00,0,0
2,2984,200,2387200,0.000291467,1492
2,2984,200,2387200,0.000334382,1492
4,4588,400,3670400,0.000200033,1147
2,2984,200,2387200,0.00030899,1492
1,1492,100,1193600,0.000313282,1492
3,4476,300,3580800,0.000270049,1492
1,1492,100,1193600,0.000468969,1492
0,0,0.00E+00,0.00E+00,0,0
0,0,0.00E+00,0.00E+00,0,0
5,5310,500,4248000,0.000444174,1062
1,1492,100,1193600,0.00054884,1492
4,3088,400,2470400,0.000442445,772
2,2984,200,2387200,0.000406027,1492
1,1492,100,1193600,0.000566006,1492
3,1945,300,1556000,0.000747999,648.3333333
0,0,0.00E+00,0.00E+00,0,0
0,0,0.00E+00,0.00E+00,0,0
0,0,0.00E+00,0.00E+00,0,0
5,6016,500,4812800,0.000164175,1203.2
0,0,0.00E+00,0.00E+00,0,0
0,0,0.00E+00,0.00E+00,0,0
1,1492,100,1193600,0.000522137,1492
2,2984,200,2387200,0.000308514,1492
2,1588,200,1270400,0.000167608,794
0,0,0.00E+00,0.00E+00,0,0
5,6369,500,5095200,0.00017519,1273.8
1,1492,100,1193600,0.000549078,1492
3,1596,300,1276800,0.000458002,532
3,4476,300,3580800,0.000295321,1492
3,3064,300,2451200,0.000157674,1021.333333
1,1492,100,1193600,0.00045681,1492
4,3425,400,2740000,0.000429451,856.25
0,0,0.00E+00,0.00E+00,0,0
0,0,0.00E+00,0.00E+00,0,0
3,184,300,147200,0.001045624,61.33333333
2,1540,200,1232000,0.000246525,770
1,1492,100,1193600,1.19209E-06,1492
0,0,0.00E+00,0.00E+00,0,0
1,1492,100,1193600,0.000488997,1492
3,4476,300,3580800,0.000229994,1492
3,1628,300,1302400,0.001979748,542.6666667
4,4877,400,3901600,0.00019902,1219.25
0,0,0.00E+00,0.00E+00,0,0
0,0,0.00E+00,0.00E+00,0,0
1,1492,100,1193600,0.000500917,1492
2,2984,200,2387200,0.000296474,1492
2,2984,200,2387200,0.000250101,1492
0,0,0.00E+00,0.00E+00,0,0
0,0,0.00E+00,0.00E+00,0,0
0,0,0.00E+00,0.00E+00,0,0
1,1492,100,1193600,0.000419855,1492
4,3092,400,2473600,0.000828803,773
1,1492,100,1193600,0.00048399,1492
2,156,200,124800,0.00049305,78
0,0,0.00E+00,0.00E+00,0,0
1,1476,100,1180800,0.000585079,1476
2,2984,200,2387200,0.00028646,1492
2,2984,200,2387200,0.000309467,1492
2,2984,200,2387200,0.000294924,1492
0,0,0.00E+00,0.00E+00,0,0
0,0,0.00E+00,0.00E+00,0,0
0,0,0.00E+00,0.00E+00,0,0
2,468,200,374400,0.00406456,234
0,0,0.00E+00,0.00E+00,0,0
0,0,0.00E+00,0.00E+00,0,0
1,40,100,32000,0.000241995,40
0,0,0.00E+00,0.00E+00,0,0
0,0,0.00E+00,0.00E+00,0,0
3,4476,300,3580800,0.000293016,1492
0,0,0.00E+00,0.00E+00,0,0
0,0,0.00E+00,0.00E+00,0,0
0,0,0.00E+00,0.00E+00,0,0
1,40,100,32000,0.000442982,40
0,0,0.00E+00,0.00E+00,0,0
0,0,0.00E+00,0.00E+00,0,0
2,616,200,492800,0.004896522,308
3,3449,300,2759200,0.000217676,1149.666667
1,52,100,41600,0.000478983,52
1,52,100,41600,0.000291109,52
1,52,100,41600,0.000427723,52
1,52,100,41600,0.000409126,52
1,60,100,48000,0.000483036,60
4,4911,400,3928800,0.000208974,1227.75
1,52,100,41600,0.000494242,52
0,0,0.00E+00,0.00E+00,0,0
2,1552,200,1241600,0.000345469,776
1,60,100,48000,0.000393152,60
3,569,300,455200,0.002494653,189.6666667
0,0,0.00E+00,0.00E+00,0,0
3,1608,300,1286400,0.000214338,536
1,52,100,41600,0.000411749,52
0,0,0.00E+00,0.00E+00,0,0
0,0,0.00E+00,0.00E+00,0,0
1,1492,100,1193600,0.000438213,1492
1,52,100,41600,0.000415087,52
1,1492,100,1193600,0.000479937,1492
1,1492,100,1193600,0.000452042,1492
1,52,100,41600,0.00026083,52
2,2984,200,2387200,0.000345469,1492
1,1492,100,1193600,0.000319958,1492
1,40,100,32000,0.000226021,40
2,2984,200,2387200,0.000321984,1492
2,2984,200,2387200,0.000320554,1492
0,0,0.00E+00,0.00E+00,0,0
1,40,100,32000,0.000511885,40
2,2984,200,2387200,0.000254512,1492
2,2984,200,2387200,0.000413537,1492
0,0,0.00E+00,0.00E+00,0,0
1,40,100,32000,0.00023818,40
2,1652,200,1321600,0.000233054,826
0,0,0.00E+00,0.00E+00,0,0
0,0,0.00E+00,0.00E+00,0,0
2,213,200,170400,0.002010465,106.5
0,0,0.00E+00,0.00E+00,0,0
